-- phpMyAdmin SQL Dump
-- version 4.6.4
-- https://www.phpmyadmin.net/
--
-- Host: 127.0.0.1
-- Generation Time: Jan 20, 2019 at 08:08 PM
-- Server version: 5.7.14
-- PHP Version: 7.0.10

SET SQL_MODE = "NO_AUTO_VALUE_ON_ZERO";
SET time_zone = "+00:00";


/*!40101 SET @OLD_CHARACTER_SET_CLIENT=@@CHARACTER_SET_CLIENT */;
/*!40101 SET @OLD_CHARACTER_SET_RESULTS=@@CHARACTER_SET_RESULTS */;
/*!40101 SET @OLD_COLLATION_CONNECTION=@@COLLATION_CONNECTION */;
/*!40101 SET NAMES utf8mb4 */;

--
-- Database: `stock`
--
CREATE DATABASE IF NOT EXISTS `stock` DEFAULT CHARACTER SET utf8 COLLATE utf8_general_ci;
USE `stock`;

-- --------------------------------------------------------

--
-- Table structure for table `apartment_cat`
--

CREATE TABLE `apartment_cat` (
  `id` int(11) NOT NULL,
  `name` varchar(120) NOT NULL
) ENGINE=MyISAM DEFAULT CHARSET=utf8;

-- --------------------------------------------------------

--
-- Table structure for table `aqar_sections`
--

CREATE TABLE `aqar_sections` (
  `id` int(11) NOT NULL,
  `section_url` varchar(320) NOT NULL,
  `neighborhood` int(11) NOT NULL,
  `easte_type` int(11) NOT NULL,
  `page_count` int(11) NOT NULL DEFAULT '1',
  `done` tinyint(4) NOT NULL DEFAULT '0'
) ENGINE=MyISAM DEFAULT CHARSET=utf8;

--
-- Dumping data for table `aqar_sections`
--

INSERT INTO `aqar_sections` (`id`, `section_url`, `neighborhood`, `easte_type`, `page_count`, `done`) VALUES
(3, 'https://sa.aqar.fm/%D8%B4%D9%82%D9%82-%D9%84%D9%84%D8%A5%D9%8A%D8%AC%D8%A7%D8%B1/%D8%A7%D9%84%D9%85%D8%AF%D9%8A%D9%86%D8%A9-%D8%A7%D9%84%D9%85%D9%86%D9%88%D8%B1%D8%A9', 1, 1, 1, 0);

-- --------------------------------------------------------

--
-- Table structure for table `aqar_urls`
--

CREATE TABLE `aqar_urls` (
  `id` int(11) NOT NULL,
  `url` varchar(255) NOT NULL,
  `type` int(11) NOT NULL,
  `neighborhood` int(11) NOT NULL,
  `done` tinyint(4) NOT NULL DEFAULT '0'
) ENGINE=MyISAM DEFAULT CHARSET=utf8;

--
-- Dumping data for table `aqar_urls`
--

INSERT INTO `aqar_urls` (`id`, `url`, `type`, `neighborhood`, `done`) VALUES
(1, 'https://sa.aqar.fm/شقق-للإيجار/المدينة-المنورة/حي-بئر-عثمان/شارع-زنيره-الروميه-بئر-عثمان-المدينة-المنورة-961902', 1, 1, 1),
(2, 'https://sa.aqar.fm/شقق-للإيجار/المدينة-المنورة/حي-القصواء/شارع-عكرمة-بن-ابي-جهل-حي-القصواء-المدينة-المنورة-957883', 1, 1, 1),
(3, 'https://sa.aqar.fm/شقق-للإيجار/المدينة-المنورة/حي-بني-حارثة/شارع-عبدالله-بن-ساعده-بني-حارثة-المدينة-المنورة-957320', 1, 1, 1),
(4, 'https://sa.aqar.fm/شقق-للإيجار/المدينة-المنورة/حي-الملك-فهد/الملك-فهد-المدينة-المنورة-951332', 1, 1, 1),
(5, 'https://sa.aqar.fm/شقق-للإيجار/المدينة-المنورة/حي-البركة/شارع-الملثم-بن-حذافه-البركة-المدينة-المنورة', 1, 1, 1),
(6, 'https://sa.aqar.fm/شقق-للإيجار/المدينة-المنورة/حي-السكة-الحديدية/شارع-الامام-مسلم-المدينة-المنورة-881119', 1, 1, 1),
(7, 'https://sa.aqar.fm/شقق-للإيجار/المدينة-المنورة/حي-العريض/شارع-ابو-سلمة-الهروي-حي-العريض-المدينة-المنورة-861576', 1, 1, 1),
(8, 'https://sa.aqar.fm/شقق-للإيجار/المدينة-المنورة/حي-السلام/شارع-الامام-مسلم-الدفاع-المدينة-المنورة-717543', 1, 1, 1),
(9, 'https://sa.aqar.fm/شقق-للإيجار/المدينة-المنورة/حي-السلام/شارع-الامام-مسلم-المدينة-المنورة-717531', 1, 1, 1),
(10, 'https://sa.aqar.fm/شقق-للإيجار/المدينة-المنورة/حي-السلام/شارع-الامام-مسلم-المدينة-المنورة-717509', 1, 1, 1),
(11, 'https://sa.aqar.fm/شقق-للإيجار/المدينة-المنورة/حي-السد/شارع-رفاعة-بن-شداد-حي-السد-المدينة-المنورة', 1, 1, 1),
(12, 'https://sa.aqar.fm/شقق-للإيجار/المدينة-المنورة/حي-السلام/السلام-المدينة-المنورة-701242', 1, 1, 1),
(13, 'https://sa.aqar.fm/شقق-للإيجار/المدينة-المنورة/حي-الرانوناء/شارع-اسماعيل-بن-قيس-بن-سعد-حي-الرانوناء-المدينة-المنورة-676760', 1, 1, 1),
(14, 'https://sa.aqar.fm/شقق-للإيجار/المدينة-المنورة/حي-السكة-الحديدية/شارع-ربيعة-بن-عباد-حي-السكة-الحديد-المدينة-المنورة-650517', 1, 1, 1),
(15, 'https://sa.aqar.fm/شقق-للإيجار/المدينة-المنورة/حي-الاسكان/شارع-عبدالواحد-النصرى-الاسكان-المدينة-المنورة-596735', 1, 1, 1),
(16, 'https://sa.aqar.fm/شقق-للإيجار/المدينة-المنورة/حي-ورقان/المملكة-العربية-السعودية-594178', 1, 1, 1),
(17, 'https://sa.aqar.fm/شقق-للإيجار/المدينة-المنورة/حي-سيد-الشهداء/شارع-شريح-بن-هانىء-حي-سيد-الشهداء-المدينة-المنورة', 1, 1, 1),
(18, 'https://sa.aqar.fm/شقق-للإيجار/المدينة-المنورة/حي-السلام/شارع-ضمره-بنت-ثعلبه-السلمي-حي-السلام-المدينة-المنورة-541125', 1, 1, 1),
(19, 'https://sa.aqar.fm/شقق-للإيجار/المدينة-المنورة/حي-السلام/شارع-الاقرع-بن-عبدالله-المدينة-المنورة-476124', 1, 1, 1),
(20, 'https://sa.aqar.fm/شقق-للإيجار/المدينة-المنورة/حي-السلام/شارع-الامام-مسلم-المدينة-المنورة-371013', 1, 1, 1),
(21, 'https://sa.aqar.fm/شقق-للإيجار/المدينة-المنورة/حي-السلام/شارع-الامام-مسلم-المدينة-المنورة-360061', 1, 1, 1),
(22, 'https://sa.aqar.fm/شقق-للإيجار/المدينة-المنورة/حي-السلام/شارع-الامام-مسلم-الفرعي-السلام-المدينة-المنورة-359700', 1, 1, 1),
(23, 'https://sa.aqar.fm/شقق-للإيجار/المدينة-المنورة/حي-عروة/طريق-الملك-عبدالله-الفرعي-حي-عروة-المدينة-المنورة-1130700', 1, 1, 1),
(24, 'https://sa.aqar.fm/شقق-للإيجار/المدينة-المنورة/حي-العزيزية/شارع-صيفي-بن-نافع-حي-العزيزية-المدينة-المنورة-1130697', 1, 1, 1),
(25, 'https://sa.aqar.fm/شقق-للإيجار/المدينة-المنورة/حي-السلام/شارع-خازم-بن-الخميس-حي-السلام-المدينة-المنورة-1130663', 1, 1, 1),
(26, 'https://sa.aqar.fm/شقق-للإيجار/المدينة-المنورة/حي-الرانوناء/شارع-سويد-بن-النعمان-الخزرجي-حي-الرانوناء-المدينة-المنورة-1130601', 1, 1, 1),
(27, 'https://sa.aqar.fm/شقق-للإيجار/المدينة-المنورة/حي-السلام/حي-السلام-المدينة-المنورة-1130557', 1, 1, 1),
(28, 'https://sa.aqar.fm/شقق-للإيجار/المدينة-المنورة/حي-الاسكان/طريق-الملك-عبد-العزيز-حي-الاسكان-المدينة-المنورة-1130276', 1, 1, 1),
(29, 'https://sa.aqar.fm/شقق-للإيجار/المدينة-المنورة/حي-الرانوناء/شارع-حصين-بن-المعلي-حي-الرانوناء-المدينة-المنورة-1130228', 1, 1, 1),
(30, 'https://sa.aqar.fm/شقق-للإيجار/المدينة-المنورة/حي-خاخ/المملكة-العربية-السعودية-1130199', 1, 1, 1),
(31, 'https://sa.aqar.fm/شقق-للإيجار/المدينة-المنورة/حي-العزيزية/شارع-عبدالوهاب-بن-مجاهد-حي-العزيزية-المدينة-المنورة-1130189', 1, 1, 1),
(32, 'https://sa.aqar.fm/شقق-للإيجار/المدينة-المنورة/حي-الاسكان/شارع-عبدالوارث-بن-سفيان-حي-الاسكان-المدينة-المنورة-1130156', 1, 1, 1),
(33, 'https://sa.aqar.fm/شقق-للإيجار/المدينة-المنورة/حي-شوران/طريق-ام-منيع-اسماء-بنت-عمرو-حي-شوران-المدينة-المنورة-1129989', 1, 1, 1),
(34, 'https://sa.aqar.fm/شقق-للإيجار/المدينة-المنورة/حي-الدفاع/شارع-علي-بن-خشرم-حي-الدفاع-المدينة-المنورة-1129984', 1, 1, 1),
(35, 'https://sa.aqar.fm/شقق-للإيجار/المدينة-المنورة/حي-الحديقة/شارع-عبدالملك-بن-الحسن-حي-الحديقة-المدينة-المنورة-1129972', 1, 1, 1),
(36, 'https://sa.aqar.fm/شقق-للإيجار/المدينة-المنورة/حي-شوران/شارع-عروة-البزاز-حي-شوران-المدينة-المنورة-1129958', 1, 1, 1),
(37, 'https://sa.aqar.fm/شقق-للإيجار/المدينة-المنورة/حي-الرانوناء/شارع-ابن-مجاهد-الطائى-حي-الرانوناء-المدينة-المنورة-1129773', 1, 1, 1),
(38, 'https://sa.aqar.fm/شقق-للإيجار/المدينة-المنورة/حي-بني-ظفر/شارع-ابو-بحر-بن-العاص-حي-بني-ظفر-المدينة-المنورة-1129558', 1, 1, 0),
(39, 'https://sa.aqar.fm/شقق-للإيجار/المدينة-المنورة/حي-الدفاع/شارع-عمر-بن-أبي-بكر-الموصلي-حي-الدفاع-المدينة-المنورة-1129332', 1, 1, 0),
(40, 'https://sa.aqar.fm/شقق-للإيجار/المدينة-المنورة/حي-بني-حارثة/طريق-الامير-محمد-بن-عبدالعزيز-بني-حارثة-المدينة-المنورة-1129215', 1, 1, 0),
(41, 'https://sa.aqar.fm/شقق-للإيجار/المدينة-المنورة/حي-مذينب/شارع-سعيد-بن-ابى-مريم-حي-مذينب-المدينة-المنورة-1129196', 1, 1, 0),
(42, 'https://sa.aqar.fm/شقق-للإيجار/المدينة-المنورة/حي-مذينب/شارع-احمد-العبدوى-مذينب-المدينة-المنورة-1128950', 1, 1, 0);

-- --------------------------------------------------------

--
-- Table structure for table `comments`
--

CREATE TABLE `comments` (
  `id` int(11) NOT NULL,
  `user` int(11) NOT NULL,
  `timestamp` timestamp NOT NULL DEFAULT CURRENT_TIMESTAMP,
  `content` text NOT NULL,
  `real_estate` int(11) NOT NULL
) ENGINE=MyISAM DEFAULT CHARSET=utf8;

--
-- Dumping data for table `comments`
--

INSERT INTO `comments` (`id`, `user`, `timestamp`, `content`, `real_estate`) VALUES
(5, 1, '2018-09-25 19:13:10', 'helloo', 1365),
(6, 1, '2018-09-25 19:13:17', '123', 1365);

-- --------------------------------------------------------

--
-- Table structure for table `customers`
--

CREATE TABLE `customers` (
  `id` int(11) NOT NULL,
  `name` varchar(100) NOT NULL,
  `phone` varchar(15) NOT NULL,
  `phone_group` int(11) NOT NULL DEFAULT '1',
  `neighborhood` int(11) NOT NULL,
  `customer_type` int(11) NOT NULL
) ENGINE=MyISAM DEFAULT CHARSET=utf8;

--
-- Dumping data for table `customers`
--

INSERT INTO `customers` (`id`, `name`, `phone`, `phone_group`, `neighborhood`, `customer_type`) VALUES
(1, 'غير معروف', '0500667275', 2, 0, 0),
(2, 'غير معروف', '0504363000', 1, 2, 1),
(3, 'غير معروف', '0553311239', 1, 0, 0),
(4, 'غير معروف', '0598031129', 1, 0, 0),
(5, 'غير معروف', '059039199', 1, 0, 0),
(6, 'غير معروف', '0590391999', 1, 0, 0),
(7, 'غير معروف', '0505306707', 1, 0, 0),
(8, 'غير معروف', '0590008545', 1, 0, 0),
(9, 'غير معروف', '0555345501', 1, 0, 0),
(10, 'غير معروف', '0555652130', 1, 0, 0),
(11, 'غير معروف', '0567501219', 1, 0, 0),
(12, 'غير معروف', '0545433660', 1, 0, 0),
(13, 'غير معروف', '0565558371', 1, 0, 0),
(14, 'غير معروف', '0560980019', 1, 0, 0),
(15, 'غير معروف', '0501921273', 1, 0, 0),
(16, 'غير معروف', '0559283583', 1, 0, 0),
(17, 'غير معروف', '0555306076', 1, 0, 0),
(18, 'غير معروف', '0562222870', 1, 0, 0),
(19, 'غير معروف', '0555377001', 1, 0, 0),
(20, 'غير معروف', '0555649032', 1, 0, 0),
(21, 'غير معروف', '0553309309', 1, 0, 0),
(22, 'غير معروف', '0555320073', 1, 0, 0),
(23, 'غير معروف', '0503309289', 1, 0, 0),
(24, 'غير معروف', '0544494970', 1, 0, 0),
(25, 'غير معروف', '0555004803', 1, 0, 0),
(26, 'غير معروف', '0503338887', 1, 0, 0),
(27, 'غير معروف', '0503309638', 1, 0, 0),
(28, 'غير معروف', '0508828827', 1, 0, 0),
(29, 'غير معروف', '0558045991', 1, 0, 0),
(30, 'غير معروف', '0567809800', 1, 0, 0),
(31, 'غير معروف', '0546639445', 1, 0, 0),
(32, 'غير معروف', '0598085824', 1, 0, 0),
(33, 'غير معروف', '0566391818', 1, 0, 0),
(34, 'غير معروف', '0556322584', 1, 0, 0),
(35, 'غير معروف', '0552600680', 1, 0, 0),
(36, 'غير معروف', '0580809729', 1, 0, 0),
(37, 'غير معروف', '0578001308', 1, 0, 0),
(38, 'غير معروف', '0591606465', 1, 0, 0),
(39, 'غير معروف', '0592781346', 1, 0, 0),
(40, 'غير معروف', '0509065903', 1, 0, 0),
(41, 'غير معروف', '0555311184', 1, 0, 0),
(42, 'غير معروف', '0554353308', 1, 0, 0),
(43, 'غير معروف', '0534978883', 1, 0, 0),
(44, 'غير معروف', '0506020679', 1, 0, 0),
(45, 'غير معروف', '0569767670', 1, 0, 0),
(46, 'غير معروف', '0555538617', 1, 0, 0),
(47, 'غير معروف', '0590728855', 1, 0, 0),
(48, 'غير معروف', '0549971700', 1, 0, 0),
(49, 'غير معروف', '0533823400', 1, 0, 0),
(50, 'غير معروف', '0502399352', 1, 0, 0),
(51, 'غير معروف', '0', 1, 0, 0),
(52, 'غير معروف', '0560342049', 1, 0, 0),
(53, 'غير معروف', '0563810100', 1, 0, 0),
(54, 'غير معروف', '0533933399', 1, 0, 0),
(55, 'غير معروف', '0592366222', 1, 0, 0),
(56, 'غير معروف', '0569777306', 1, 0, 0),
(57, 'غير معروف', '0555344947', 1, 0, 0),
(58, 'غير معروف', '0530044505', 1, 0, 0),
(59, 'غير معروف', '0553425278', 1, 0, 0),
(60, 'غير معروف', '0544113189', 1, 0, 0),
(61, 'غير معروف', '0544173733', 1, 0, 0),
(62, 'غير معروف', '0504300099', 1, 0, 0),
(63, 'غير معروف', '‭0531300909‬', 1, 0, 0),
(64, 'غير معروف', '0558230291', 1, 0, 0),
(65, 'غير معروف', '‭0560540575‬', 1, 0, 0),
(66, 'غير معروف', '0549435687', 1, 0, 0),
(67, 'غير معروف', '0501084021', 1, 0, 0),
(68, 'غير معروف', '0556887809', 1, 0, 0),
(69, 'غير معروف', '0560006011', 1, 0, 0),
(70, 'غير معروف', '0566522080', 1, 0, 0),
(71, 'غير معروف', '0548200643', 1, 0, 0),
(72, 'غير معروف', '0544870900', 1, 0, 0),
(73, 'غير معروف', '‭0504288030‬', 1, 0, 0),
(74, 'غير معروف', '0550215900', 1, 0, 0),
(75, 'غير معروف', '0561000955', 1, 0, 0),
(76, 'غير معروف', '0503942007', 1, 0, 0),
(77, 'غير معروف', '0509713092', 1, 0, 0),
(78, 'غير معروف', '0554358834', 1, 0, 0),
(79, 'غير معروف', '0566825060', 1, 0, 0),
(80, 'غير معروف', '0504365432', 1, 0, 0),
(81, 'غير معروف', '0553338959', 1, 0, 0),
(82, 'غير معروف', '0501514070', 1, 0, 0),
(83, 'غير معروف', '0548617396', 1, 0, 0),
(84, 'غير معروف', '0595817000', 1, 0, 0),
(85, 'غير معروف', '0504351754', 1, 0, 0),
(86, 'غير معروف', '0580711102', 1, 0, 0),
(87, 'غير معروف', '0504364496', 1, 0, 0),
(88, 'غير معروف', '0590979781', 1, 0, 0),
(89, 'غير معروف', '0506330081', 1, 0, 0),
(90, 'غير معروف', '0553332213', 1, 0, 0),
(91, 'غير معروف', '0501680695', 1, 0, 0),
(92, 'غير معروف', '+967712591195', 1, 0, 0),
(93, 'غير معروف', '0503336950', 1, 0, 0),
(94, 'غير معروف', '0561101554', 1, 0, 0),
(95, 'غير معروف', '0556395121', 1, 0, 0),
(96, 'غير معروف', '0560082029', 1, 0, 0),
(97, 'غير معروف', '0548413181', 1, 0, 0),
(98, 'غير معروف', '0547684182', 1, 0, 0),
(99, 'غير معروف', '0503095882', 1, 0, 0),
(100, 'غير معروف', '0507574419', 1, 0, 0),
(101, 'غير معروف', '0556300699', 1, 0, 0),
(102, 'غير معروف', '0544455266', 1, 0, 0),
(103, 'غير معروف', '0506315531', 1, 0, 0),
(104, 'غير معروف', '0547426280', 1, 0, 0),
(105, 'غير معروف', '0547771112', 1, 0, 0),
(106, 'غير معروف', '0542770146', 1, 0, 0),
(107, 'غير معروف', '0566433612', 1, 0, 0),
(108, 'غير معروف', '‭0508628434‬', 1, 0, 0),
(109, 'غير معروف', '0500111692', 1, 0, 0),
(110, 'غير معروف', '0503337946', 1, 0, 0),
(111, 'غير معروف', '0541388424', 1, 0, 0),
(112, 'غير معروف', '0561118409', 1, 0, 0),
(113, 'غير معروف', '0505325563', 1, 0, 0),
(114, 'غير معروف', '‭0568511914‬', 1, 0, 0),
(115, 'غير معروف', '0508143925', 1, 0, 0),
(116, 'غير معروف', '0502641352', 1, 0, 0),
(117, 'غير معروف', '0558885256', 1, 0, 0),
(118, 'غير معروف', '0566363630', 1, 0, 0),
(119, 'غير معروف', '0555504485', 1, 0, 0),
(120, 'غير معروف', '0507724770', 1, 0, 0),
(121, 'غير معروف', '0591347802', 1, 0, 0),
(122, 'غير معروف', '0505348710', 1, 0, 0),
(123, 'غير معروف', '558094999', 1, 0, 0),
(124, 'غير معروف', '0558094999', 1, 0, 0),
(125, 'غير معروف', '0555147298', 1, 0, 0),
(126, 'غير معروف', '0503305772', 1, 0, 0),
(127, 'غير معروف', '0553026026', 1, 0, 0),
(128, 'غير معروف', '0554892093', 1, 0, 0),
(129, 'غير معروف', '0555995356', 1, 0, 0),
(130, 'غير معروف', '0563656009', 1, 0, 0),
(131, 'غير معروف', '0556856645', 1, 0, 0),
(132, 'غير معروف', '0599972550', 1, 0, 0),
(133, 'غير معروف', '0508284862', 1, 0, 0),
(134, 'غير معروف', '0551509142', 1, 0, 0),
(135, 'غير معروف', '0553838801', 1, 0, 0),
(136, 'غير معروف', '0541018588', 1, 0, 0),
(137, 'غير معروف', '0544420178', 1, 0, 0),
(138, 'غير معروف', '0595308999', 1, 0, 0),
(139, 'غير معروف', '0507894483', 1, 0, 0),
(140, 'غير معروف', '0503303862', 1, 0, 0),
(141, 'غير معروف', '0547040838', 1, 0, 0),
(142, 'غير معروف', '0508633977', 1, 0, 0),
(143, 'غير معروف', '0503322330', 1, 0, 0),
(144, 'غير معروف', '0555027771', 1, 0, 0),
(145, 'غير معروف', '0503060347', 1, 0, 0),
(146, 'غير معروف', '0504245333', 1, 0, 0),
(147, 'غير معروف', '0555668716', 1, 0, 0),
(148, 'غير معروف', '0581555810', 1, 0, 0),
(149, 'غير معروف', '0507029778', 1, 0, 0),
(150, 'غير معروف', '0503329472', 1, 0, 0),
(151, 'غير معروف', '0504351633', 1, 0, 0),
(152, 'غير معروف', '0553313145', 1, 0, 0),
(153, 'غير معروف', '0553322411', 1, 0, 0),
(154, 'غير معروف', '0555326655', 1, 0, 0),
(155, 'غير معروف', '0500807350', 1, 0, 0),
(156, 'غير معروف', '0568880037', 1, 0, 0),
(157, 'غير معروف', '0592591295', 1, 0, 0),
(158, 'غير معروف', '0503323671', 1, 0, 0),
(159, 'غير معروف', '0590537890', 1, 0, 0),
(160, 'غير معروف', '0544430150', 1, 0, 0),
(161, 'غير معروف', '0504357184‬', 1, 0, 0),
(162, 'غير معروف', '0538585186', 1, 0, 0),
(163, 'غير معروف', '0555073012', 1, 0, 0),
(164, 'غير معروف', '0536588858', 1, 0, 0),
(165, 'غير معروف', '0591887158', 1, 0, 0),
(166, 'غير معروف', '0540654043', 1, 0, 0),
(167, 'غير معروف', '0502580988', 1, 0, 0),
(168, 'غير معروف', '0556304737', 1, 0, 0),
(169, 'غير معروف', '0505312638', 1, 0, 0),
(170, 'غير معروف', '0505759650', 1, 0, 0),
(171, 'غير معروف', '0544208186', 1, 0, 0),
(172, 'غير معروف', '0555302646', 1, 0, 0),
(173, 'غير معروف', '0503264247', 1, 0, 0),
(174, 'غير معروف', '0546408835', 1, 0, 0),
(175, 'غير معروف', '0506329101', 1, 0, 0),
(176, 'غير معروف', '0540039035', 1, 0, 0),
(177, 'غير معروف', '0556070202', 1, 0, 0),
(178, 'غير معروف', '0506317511', 1, 0, 0),
(179, 'غير معروف', '0597401337', 1, 0, 0),
(180, 'غير معروف', '0553036699', 1, 0, 0),
(181, 'غير معروف', '0544909941', 1, 0, 0),
(182, 'غير معروف', '0205678778', 1, 0, 0),
(183, 'غير معروف', '0560301546', 1, 0, 0),
(184, 'غير معروف', '0530354443', 1, 0, 0),
(185, 'غير معروف', '0503322902', 1, 0, 0),
(186, 'غير معروف', '0566883100', 1, 0, 0),
(187, 'غير معروف', '0555318529', 1, 0, 0),
(188, 'غير معروف', '0557727916', 1, 0, 0),
(189, 'غير معروف', '0567771027', 1, 0, 0),
(190, 'غير معروف', '0594258161', 1, 0, 0),
(191, 'غير معروف', '0507608040', 1, 0, 0),
(192, 'غير معروف', '0501687764', 1, 0, 0),
(193, 'غير معروف', '0505343485', 1, 0, 0),
(194, 'غير معروف', '0590095225', 1, 0, 0),
(195, 'غير معروف', '0563331411', 1, 0, 0),
(196, 'غير معروف', '0569044300', 1, 0, 0),
(197, 'غير معروف', '0505306774', 1, 0, 0),
(198, 'غير معروف', '0590900199', 1, 0, 0),
(199, 'غير معروف', '0503309181', 1, 0, 0),
(200, 'غير معروف', '0566004362', 1, 0, 0),
(201, 'غير معروف', '0583015593', 1, 0, 0),
(202, 'غير معروف', '0563459800', 1, 0, 0),
(203, 'غير معروف', '0566666859', 1, 0, 0),
(204, 'غير معروف', '0507278929', 1, 0, 0),
(205, 'غير معروف', '0564160119', 1, 0, 0),
(206, 'غير معروف', '0544331228', 1, 0, 0),
(207, 'غير معروف', '0555316763', 1, 0, 0),
(208, 'غير معروف', '0545351358', 1, 0, 0),
(209, 'غير معروف', '0505309008', 1, 0, 0),
(210, 'غير معروف', '0544280333', 1, 0, 0),
(211, 'غير معروف', '0545558086', 1, 0, 0),
(212, 'غير معروف', '0548446004', 1, 0, 0),
(213, 'غير معروف', '0566142294', 1, 0, 0),
(214, 'غير معروف', '0544454750', 1, 0, 0),
(215, 'غير معروف', '0564666160', 1, 0, 0),
(216, 'غير معروف', '0555081035', 1, 0, 0),
(217, 'غير معروف', '0594386234', 1, 0, 0),
(218, 'غير معروف', '0561169000', 1, 0, 0),
(219, 'غير معروف', '0553342427', 1, 0, 0),
(220, 'غير معروف', '0505700367', 1, 0, 0),
(221, 'غير معروف', '0530179867', 1, 0, 0),
(222, 'غير معروف', '0553678910', 1, 0, 0),
(223, 'غير معروف', '0591154485', 1, 0, 0),
(224, 'غير معروف', '0564846832', 1, 0, 0),
(225, 'غير معروف', '0536738333', 1, 0, 0),
(226, 'غير معروف', '0555313818', 1, 0, 0),
(227, 'غير معروف', '0561759000', 1, 0, 0),
(228, 'غير معروف', '0503476953', 1, 0, 0),
(229, 'غير معروف', '0546692111', 1, 0, 0),
(230, 'غير معروف', '0506308294', 1, 0, 0),
(231, 'غير معروف', '0598773969', 1, 0, 0),
(232, 'غير معروف', '0592277111', 1, 0, 0),
(233, 'غير معروف', '0504352414', 1, 0, 0),
(234, 'غير معروف', '0553739513', 1, 0, 0),
(235, 'غير معروف', '0531052113', 1, 0, 0),
(236, 'غير معروف', '0550556105', 1, 0, 0),
(237, 'غير معروف', '0550371610', 1, 0, 0),
(238, 'غير معروف', '0599992172', 1, 0, 0),
(239, 'غير معروف', '0550710755', 1, 0, 0),
(240, 'غير معروف', '0593480000', 1, 0, 0),
(241, 'غير معروف', '٠٥٩٤٣٨٦٢٣٤', 1, 0, 0),
(242, 'غير معروف', '0503664248', 1, 0, 0),
(243, 'غير معروف', '0541590015', 1, 0, 0),
(244, 'غير معروف', '0566185353', 1, 0, 0),
(245, 'غير معروف', '0506310108', 1, 0, 0),
(246, 'غير معروف', '050 098 0977', 1, 0, 0),
(247, 'غير معروف', '0555303042', 1, 0, 0),
(248, 'غير معروف', '0555348708', 1, 0, 0),
(249, 'غير معروف', '0564569700', 1, 0, 0),
(250, 'غير معروف', '0553077688', 1, 0, 0),
(251, 'غير معروف', '0593399847', 1, 0, 0),
(252, 'غير معروف', '0594731088', 1, 0, 0),
(253, 'غير معروف', '0563983363', 1, 0, 0),
(254, 'غير معروف', '0542755755', 1, 0, 0),
(255, 'غير معروف', '0500090761', 1, 0, 0),
(256, 'غير معروف', '0500583555', 1, 0, 0),
(257, 'غير معروف', '0500948000', 1, 0, 0),
(258, 'غير معروف', '0561026353', 1, 0, 0),
(259, 'غير معروف', '0551914031', 1, 0, 0),
(260, 'غير معروف', '0568842286', 1, 0, 0),
(261, 'غير معروف', '0535961292', 1, 0, 0),
(262, 'غير معروف', '‎٥‎٨‎ ‎١‎٠‎٩‎ ‎', 1, 0, 0),
(263, 'غير معروف', '0505312448', 1, 0, 0),
(264, 'غير معروف', '‎٥‎٠‎ ‎٤‎٣‎٦‎ ‎', 1, 0, 0),
(265, 'غير معروف', '0500186050', 1, 0, 0),
(266, 'غير معروف', '0562567409', 1, 0, 0),
(267, 'غير معروف', '0501240700', 1, 0, 0),
(268, 'غير معروف', '0505250448', 1, 0, 0),
(269, 'غير معروف', '0590477566', 1, 0, 0),
(270, 'غير معروف', '0541362150', 1, 0, 0),
(271, 'غير معروف', '0537700422', 1, 0, 0),
(272, 'غير معروف', '0506331335', 1, 0, 0),
(273, 'غير معروف', '0542870111', 1, 0, 0),
(274, 'غير معروف', '0545272230', 1, 0, 0),
(275, 'غير معروف', '0557503357', 1, 0, 0),
(276, 'غير معروف', '0504360345', 1, 0, 0),
(277, 'غير معروف', '0566568550', 1, 0, 0),
(278, 'غير معروف', '0541565692', 1, 0, 0),
(279, 'غير معروف', '0553100014', 1, 0, 0),
(280, 'غير معروف', '0555955283', 1, 0, 0),
(281, 'غير معروف', '0555534542', 1, 0, 0),
(282, 'غير معروف', '0548085999', 1, 0, 0),
(283, 'غير معروف', '0542162034', 1, 0, 0),
(284, 'غير معروف', '0559723616', 1, 0, 0),
(285, 'غير معروف', '0551120100', 1, 0, 0),
(286, 'غير معروف', '0505104497', 1, 0, 0),
(287, 'غير معروف', '0544160827', 1, 0, 0),
(288, 'غير معروف', '0500422471', 1, 0, 0),
(289, 'غير معروف', '0555362440', 1, 0, 0),
(290, 'غير معروف', '0545836610', 1, 0, 0),
(291, 'غير معروف', '0506311517', 1, 0, 0),
(292, 'غير معروف', '0539107780', 1, 0, 0),
(293, 'غير معروف', '0557711167', 1, 0, 0),
(294, 'غير معروف', '0564103330', 1, 0, 0),
(295, 'غير معروف', '0504354744', 1, 0, 0),
(296, 'غير معروف', '0547497307', 1, 0, 0),
(297, 'غير معروف', '0545333582', 1, 0, 0),
(298, 'غير معروف', '0504769693', 1, 0, 0),
(299, 'غير معروف', '0560030156', 1, 0, 0),
(300, 'غير معروف', '0540400302', 1, 0, 0),
(301, 'غير معروف', '0551084205', 1, 0, 0),
(302, 'غير معروف', '0590900372', 1, 0, 0),
(303, 'غير معروف', '0507894071', 1, 0, 0),
(304, 'غير معروف', '0503320767', 1, 0, 0),
(305, 'غير معروف', '0593020816', 1, 0, 0),
(306, 'غير معروف', '0538409987', 1, 0, 0),
(307, 'غير معروف', '0556313555', 1, 0, 0),
(308, 'غير معروف', '0569099444', 1, 0, 0),
(309, 'غير معروف', '0507717142', 1, 0, 0),
(310, 'غير معروف', '0555316400', 1, 0, 0),
(311, 'غير معروف', '0500992513', 1, 0, 0),
(312, 'غير معروف', '0564750075', 1, 0, 0),
(313, 'غير معروف', '0506334355', 1, 0, 0),
(314, 'غير معروف', '0502058973', 1, 0, 0),
(315, 'غير معروف', '0594694685', 1, 0, 0),
(316, 'غير معروف', '0505301969', 1, 0, 0),
(317, 'غير معروف', '0505399995', 1, 0, 0),
(318, 'غير معروف', '0556316887', 1, 0, 0),
(319, 'غير معروف', '0546462746', 1, 0, 0),
(320, 'غير معروف', '0550390077', 1, 0, 0),
(321, 'غير معروف', '0599177040', 1, 0, 0),
(322, 'غير معروف', '0598459355', 1, 0, 0),
(323, 'غير معروف', '0555224369', 1, 0, 0),
(324, 'غير معروف', '0560368484', 1, 0, 0),
(325, 'غير معروف', '0505317718', 1, 0, 0),
(326, 'غير معروف', '0554094555', 1, 0, 0),
(327, 'غير معروف', '0544661185', 1, 0, 0),
(328, 'غير معروف', '0554059600', 1, 0, 0),
(329, 'غير معروف', '0540272728', 1, 0, 0),
(330, 'غير معروف', '0593504450', 1, 0, 0),
(331, 'غير معروف', '0548281989', 1, 0, 0),
(332, 'غير معروف', '0539068890', 1, 0, 0),
(333, 'غير معروف', '0592003005', 1, 0, 0),
(334, 'غير معروف', '0501196528', 1, 0, 0),
(335, 'غير معروف', '0561919088', 1, 0, 0),
(336, 'غير معروف', '0568233556', 1, 0, 0),
(337, 'غير معروف', '0597401744', 1, 0, 0),
(338, 'غير معروف', '0504352630', 1, 0, 0),
(339, 'غير معروف', '0547358000', 1, 0, 0),
(340, 'غير معروف', '0555357292', 1, 0, 0),
(341, 'غير معروف', '0503585479', 1, 0, 0),
(342, 'غير معروف', '0547289220', 1, 0, 0),
(343, 'غير معروف', '0555341959', 1, 0, 0),
(344, 'غير معروف', '0543363978', 1, 0, 0),
(345, 'غير معروف', '0555430363', 1, 0, 0),
(346, 'غير معروف', '0580155055', 1, 0, 0),
(347, 'غير معروف', '0565844144', 1, 0, 0),
(348, 'غير معروف', '0545882433', 1, 0, 0),
(349, 'غير معروف', '0502136998', 1, 0, 0),
(350, 'غير معروف', '0555605843', 1, 0, 0),
(351, 'غير معروف', '0505306307', 1, 0, 0),
(352, 'غير معروف', '0591117050', 1, 0, 0),
(353, 'غير معروف', '0561331408', 1, 0, 0),
(354, 'غير معروف', '0569959029', 1, 0, 0),
(355, 'غير معروف', '0542224419', 1, 0, 0),
(356, 'غير معروف', '0561020409', 1, 0, 0),
(357, 'غير معروف', '0546661146', 1, 0, 0),
(358, 'غير معروف', '0566692945', 1, 0, 0),
(359, 'غير معروف', '0555325138', 1, 0, 0),
(360, 'غير معروف', '0500101501', 1, 0, 0),
(361, 'غير معروف', '0544720810', 1, 0, 0),
(362, 'غير معروف', '0500600961', 1, 0, 0),
(363, 'غير معروف', '0555309116', 1, 0, 0),
(364, 'غير معروف', '0535843000', 1, 0, 0),
(365, 'غير معروف', '0549281111', 1, 0, 0),
(366, 'غير معروف', '0504391340', 1, 0, 0),
(367, 'غير معروف', '0555348634', 1, 0, 0),
(368, 'غير معروف', '0541280812', 1, 0, 0),
(369, 'غير معروف', '0564888756', 1, 0, 0),
(370, 'غير معروف', '0507295000', 1, 0, 0),
(371, 'غير معروف', '0565547469/0558', 1, 0, 0),
(372, 'غير معروف', '0568300993', 1, 0, 0),
(373, 'غير معروف', '0500923980', 1, 0, 0),
(374, 'غير معروف', '0506277141', 1, 0, 0),
(375, 'غير معروف', '0561979351', 1, 0, 0),
(376, 'غير معروف', '0554090490', 1, 0, 0),
(377, 'غير معروف', '0553324937', 1, 0, 0),
(378, 'غير معروف', '0540011944', 1, 0, 0),
(379, 'غير معروف', '0507759907', 1, 0, 0),
(380, 'غير معروف', '0556313799', 1, 0, 0),
(381, 'غير معروف', '0505300434', 1, 0, 0),
(382, 'غير معروف', '0562186666', 1, 0, 0),
(383, 'غير معروف', '0580020900', 1, 0, 0),
(384, 'غير معروف', '0554450930', 1, 0, 0),
(385, 'غير معروف', '0532832117', 1, 0, 0),
(386, 'غير معروف', '0555345500', 1, 0, 0),
(387, 'غير معروف', '0540770745', 1, 0, 0),
(388, 'غير معروف', '0594602557', 1, 0, 0),
(389, 'غير معروف', '0561617575', 1, 0, 0),
(390, 'غير معروف', '0541500552', 1, 0, 0),
(391, 'غير معروف', '0565612220', 1, 0, 0),
(392, 'غير معروف', '0542888266', 1, 0, 0),
(393, 'غير معروف', '0569689003', 1, 0, 0),
(394, 'غير معروف', '0532197007', 1, 0, 0),
(395, 'غير معروف', '0544099338', 1, 0, 0),
(396, 'غير معروف', '0544962339', 1, 0, 0),
(397, 'غير معروف', '0568933530', 1, 0, 0),
(398, 'غير معروف', '0599439318', 1, 0, 0),
(399, 'غير معروف', '0500487157', 1, 0, 0),
(400, 'غير معروف', '0507325552', 1, 0, 0),
(401, 'غير معروف', '0556137560', 1, 0, 0),
(402, 'غير معروف', '0546668440', 1, 0, 0),
(403, 'غير معروف', '0506363900', 1, 0, 0),
(404, 'غير معروف', '0505320120', 1, 0, 0),
(405, 'غير معروف', '0557815818', 1, 0, 0),
(406, 'غير معروف', '0546408454', 1, 0, 0),
(407, 'غير معروف', '0500957766', 1, 0, 0),
(408, 'غير معروف', '٠٥٦٠٦٩٨٦٤٩', 1, 0, 0),
(409, 'غير معروف', '055695121', 1, 0, 0),
(410, 'غير معروف', '0505307990', 1, 0, 0),
(411, 'غير معروف', '0553638388', 1, 0, 0),
(412, 'غير معروف', '0590089707', 1, 0, 0),
(413, 'غير معروف', '0505304685', 1, 0, 0),
(414, 'غير معروف', '05014710150', 1, 0, 0),
(415, 'غير معروف', '0557292725', 1, 0, 0),
(416, 'غير معروف', '0505950521', 1, 0, 0),
(417, 'غير معروف', '0508400404', 1, 0, 0),
(418, 'غير معروف', '0591338090', 1, 0, 0),
(419, 'غير معروف', '0594447616', 1, 0, 0),
(420, 'غير معروف', '0567497943', 1, 0, 0),
(421, 'غير معروف', '0503076224', 1, 0, 0),
(422, 'غير معروف', '0531927850', 1, 0, 0),
(423, 'غير معروف', '0509704326', 1, 0, 0),
(424, 'غير معروف', '0545408968', 1, 0, 0),
(425, 'غير معروف', '0509722548', 1, 0, 0),
(426, 'غير معروف', '0566692006', 1, 0, 0),
(427, 'غير معروف', '0566502022', 1, 0, 0),
(428, 'غير معروف', '0535044438', 1, 0, 0),
(429, 'غير معروف', '0595580086', 1, 0, 0),
(430, 'غير معروف', '0534505161', 1, 0, 0),
(431, 'غير معروف', '0566099884', 1, 0, 0),
(432, 'غير معروف', '0565959556', 1, 0, 0),
(433, 'غير معروف', '0590770781', 1, 0, 0),
(434, 'غير معروف', '0508572065', 1, 0, 0),
(435, 'غير معروف', '0546903240', 1, 0, 0),
(436, 'غير معروف', '0500073501', 1, 0, 0),
(437, 'غير معروف', '0567916545', 1, 0, 0),
(438, 'غير معروف', '0569614242', 1, 0, 0),
(442, 'My Billing Account', '885858585885', 1, 0, 0),
(443, 'اسم غريب', '1111111111', 1, 0, 0),
(444, 'ريسلر طعون', '2123213123323', 2, 0, 0),
(445, 'asdsad', '0551614702', 1, 0, 0),
(446, 'hgfhgfh', '052125252', 1, 0, 0),
(447, '', '5435435', 1, 0, 0),
(448, '', '21212', 1, 0, 0),
(449, '', '4234234234', 1, 0, 0),
(450, '', '212121', 1, 0, 0),
(451, 'gfg', '132132', 1, 0, 0),
(452, 'الدماسي', '0549622633', 1, 0, 0),
(453, 'doratalsakab', '0536533316', 1, 0, 0),
(454, 'عيادالعوفي', '0597727400', 1, 0, 0),
(455, 'm0446', '0505648794', 1, 0, 0),
(456, 'abu ayham', '0542358618', 1, 0, 0),
(457, 'atefalhrbi', '0563043410', 1, 0, 0),
(458, 'ابوووو محمد', '0576395866', 1, 0, 0),
(460, 'ahmeddddddd', '0536301031', 1, 1, 1),
(461, '55555', '0555444555', 1, 2, 1),
(462, '87678698ghjk', '055545552', 1, 0, 1),
(463, '', '65465464', 1, 1, 1),
(464, '111', '1230', 1, 1, 1),
(465, '', '00506310108', 1, 0, 1),
(466, '4234234', '0502735443', 1, 1, 1);

-- --------------------------------------------------------

--
-- Table structure for table `easte_type`
--

CREATE TABLE `easte_type` (
  `id` int(11) NOT NULL,
  `name` varchar(120) NOT NULL
) ENGINE=MyISAM DEFAULT CHARSET=utf8;

--
-- Dumping data for table `easte_type`
--

INSERT INTO `easte_type` (`id`, `name`) VALUES
(1, 'قطعة أرض'),
(2, 'عمارة'),
(3, 'فندق'),
(4, 'فيلا نظام أمريكي'),
(5, 'عمارة + فيلا'),
(6, 'بيت شعبي'),
(7, 'استراحة'),
(8, 'شقق تمليك'),
(9, 'شقق مفروشة'),
(10, 'شقق للإيجار'),
(11, 'معرض'),
(12, 'مزرعة'),
(13, 'مصنع'),
(14, 'محطة'),
(15, 'مخطط');

-- --------------------------------------------------------

--
-- Table structure for table `employee`
--

CREATE TABLE `employee` (
  `id` int(11) NOT NULL,
  `name` varchar(150) NOT NULL,
  `permission` int(11) NOT NULL,
  `email` varchar(250) NOT NULL,
  `phone` varchar(15) NOT NULL
) ENGINE=MyISAM DEFAULT CHARSET=utf8;

-- --------------------------------------------------------

--
-- Table structure for table `floor_cat`
--

CREATE TABLE `floor_cat` (
  `id` int(11) NOT NULL,
  `name` int(11) NOT NULL
) ENGINE=MyISAM DEFAULT CHARSET=utf8;

-- --------------------------------------------------------

--
-- Table structure for table `neighborhood`
--

CREATE TABLE `neighborhood` (
  `id` int(11) NOT NULL,
  `name` varchar(120) NOT NULL
) ENGINE=MyISAM DEFAULT CHARSET=utf8;

--
-- Dumping data for table `neighborhood`
--

INSERT INTO `neighborhood` (`id`, `name`) VALUES
(1, 'البدراني والشفاء وماحولهم'),
(2, 'مخططات الهجرة وشوران'),
(3, 'العزيزية والدعيثة والسلام'),
(4, 'شرق المدينة'),
(5, 'الجرف وماحوله'),
(6, 'الملك فهد - باقدو - شرق المدينة'),
(7, 'الخالدية'),
(8, 'مناطق4 أدوار ج-غ'),
(9, 'خارج المدينة'),
(10, 'الحمراء وجبل عير'),
(11, 'الحاره الشرقيه'),
(12, 'القصيم'),
(13, 'الصويدرة'),
(14, 'ينبع');

-- --------------------------------------------------------

--
-- Table structure for table `news_bar_settings`
--

CREATE TABLE `news_bar_settings` (
  `id` int(11) NOT NULL,
  `direction` int(11) NOT NULL,
  `speed` int(11) NOT NULL,
  `type` int(11) NOT NULL,
  `limit_rows` int(11) NOT NULL,
  `n_background` varchar(20) NOT NULL,
  `n_forground` varchar(20) NOT NULL,
  `word_color` varchar(20) NOT NULL DEFAULT 'FA3905',
  `n_font` int(11) NOT NULL,
  `n_height` int(11) NOT NULL
) ENGINE=MyISAM DEFAULT CHARSET=utf8;

--
-- Dumping data for table `news_bar_settings`
--

INSERT INTO `news_bar_settings` (`id`, `direction`, `speed`, `type`, `limit_rows`, `n_background`, `n_forground`, `word_color`, `n_font`, `n_height`) VALUES
(1, 1, 30, 0, 500, 'D4FFFC', 'FF2B79', '121010', 66, 120);

-- --------------------------------------------------------

--
-- Table structure for table `notes`
--

CREATE TABLE `notes` (
  `id` int(11) NOT NULL,
  `user` int(11) NOT NULL,
  `body` text NOT NULL,
  `date` timestamp NOT NULL DEFAULT CURRENT_TIMESTAMP
) ENGINE=MyISAM DEFAULT CHARSET=utf8;

--
-- Dumping data for table `notes`
--

INSERT INTO `notes` (`id`, `user`, `body`, `date`) VALUES
(17, 1, 'hello', '2018-10-16 12:20:23'),
(18, 5, 'fdsfdsfsdfsdfsdfsdf', '2018-10-16 14:40:09'),
(19, 1, 'Business leaders & CEOs from around the world are in Toronto for the #FortuneGlobal conference to talk business, investments, and innovation. I sat down with several CEOs to talk about the Canadian advantage & the opportunities of investing in Canada to create more jobs for the middle class.', '2018-10-16 14:40:43');

-- --------------------------------------------------------

--
-- Table structure for table `phone_group`
--

CREATE TABLE `phone_group` (
  `id` int(11) NOT NULL,
  `group_name` varchar(200) NOT NULL
) ENGINE=MyISAM DEFAULT CHARSET=utf8;

--
-- Dumping data for table `phone_group`
--

INSERT INTO `phone_group` (`id`, `group_name`) VALUES
(1, 'افتراضي'),
(2, 'الشوران'),
(3, 'ahmed');

-- --------------------------------------------------------

--
-- Table structure for table `real_easte`
--

CREATE TABLE `real_easte` (
  `id` int(11) NOT NULL,
  `request_type` varchar(20) NOT NULL,
  `type` int(11) NOT NULL,
  `category` varchar(100) NOT NULL,
  `yard` varchar(11) NOT NULL,
  `space` int(11) NOT NULL,
  `age` int(11) NOT NULL,
  `floor_cat` varchar(60) NOT NULL,
  `number_of_floor` int(11) NOT NULL,
  `apartment_cat` varchar(60) NOT NULL,
  `apartment_number_store` int(11) NOT NULL,
  `estate_numebr` varchar(50) NOT NULL,
  `street` varchar(200) NOT NULL,
  `neighborhood` int(11) NOT NULL,
  `planned` varchar(200) NOT NULL,
  `street_width` int(11) NOT NULL,
  `elevator` varchar(11) NOT NULL,
  `price` double NOT NULL,
  `income` int(11) NOT NULL,
  `percent` double NOT NULL,
  `customer_type` int(11) NOT NULL,
  `customer_name` varchar(200) NOT NULL,
  `customer_phone` varchar(15) NOT NULL,
  `x` double NOT NULL,
  `y` double NOT NULL,
  `note` text NOT NULL,
  `add_time` date NOT NULL,
  `add_by` int(11) NOT NULL,
  `add_by_aqar` int(11) NOT NULL DEFAULT '0',
  `aqar_url` varchar(255) NOT NULL,
  `whatsapp_sent` int(11) NOT NULL DEFAULT '0',
  `comments` int(10) UNSIGNED NOT NULL DEFAULT '0'
) ENGINE=MyISAM DEFAULT CHARSET=utf8;

--
-- Dumping data for table `real_easte`
--

INSERT INTO `real_easte` (`id`, `request_type`, `type`, `category`, `yard`, `space`, `age`, `floor_cat`, `number_of_floor`, `apartment_cat`, `apartment_number_store`, `estate_numebr`, `street`, `neighborhood`, `planned`, `street_width`, `elevator`, `price`, `income`, `percent`, `customer_type`, `customer_name`, `customer_phone`, `x`, `y`, `note`, `add_time`, `add_by`, `add_by_aqar`, `aqar_url`, `whatsapp_sent`, `comments`) VALUES
(1363, '1', 1, 'سكني', '', 0, 0, '4 أدوار', 0, 'شقة واحدة', 0, '', '', 4, 'السراني', 0, 'لا', 2150000, 0, 0, 1, 'غير معروف', '0506310108', 0, 0, ' زبون يرغب بشراء عمارة تقبل فرز ها ل شقق المشتري اخوان 2 لديهم بنك العقاري ويرغبون بشرا عمارة 5 شقق مستقلة الاحياء المرغوبة الملك فهد او مخططات الهجرة او ماحولهم او حي مناسب اخر ... حدود الشراء مليون و400 وما دون', '2018-10-16', 1, 0, '', 1, 0),
(1827, '1', 1, 'سكني', 'داخلي', 12, 0, 'دورين', 0, '', 0, '', '', 1, '', 0, 'لا', 120, 0, 0, 1, '', '0502735443', 39.192504799999995, 21.485811, 'ارض ممتازة', '2018-12-18', 1, 0, '', 0, 0),
(1361, '2', 2, 'سكني', 'داخل', 0, 0, 'دورين', 0, 'شقة واحدة', 0, '', '', 7, 'الاسكان', 0, '', 750000, 0, 0, 1, 'غير معروف', '050 098 0977', 0, 0, 'زبرن يرغب بالشراء في الاسكان بحدود 750000', '2018-07-22', 1, 0, '', 0, 0),
(1360, '2', 1, 'سكني', 'خارج', 0, 0, 'دورين', 0, 'شقة واحدة', 0, '', '', 3, 'السلام', 0, '', 400000, 0, 0, 1, 'غير معروف', '0555303042', 0, 0, 'زبون يرغب بشراء قطعتين سكنيات يفضل متجاوره بمخططات السلام بسعر مناسب', '2018-07-22', 1, 0, '', 0, 0),
(1359, '2', 2, 'سكني', 'داخل', 0, 0, 'دورين', 0, '4 - 7 شقق', 0, '', '', 5, 'الفيصلية', 0, '', 2500000, 0, 0, 1, 'غير معروف', '0555348708', 0, 0, 'زبون يرغب بشراء عمارع بالفيصليه بحدود 2مليون و500', '2018-07-22', 1, 0, '', 0, 0),
(1358, '1', 2, 'تجاري', 'خارج', 1043, 0, 'دورين', 0, '8 شقق وما فوق', 0, '', '', 10, 'الحمراء', 0, '', 8500000, 550000, 0, 1, 'غير معروف', '0564569700', 0, 0, 'عماره تجاريه \n الموقع الحمراء طريق الجامعات\n المساحه ١٠٤٣\n محلات تجاريه وشقق مفروشه \n الدخل ٥٥٠ الف باقي من العقد ٣ سنوات ونص تقريبا\n المطلوب ٨ مليون ونص', '2018-07-22', 1, 0, '', 0, 0),
(1357, '1', 14, 'تجاري', 'خارجي', 2195, 0, 'دورين', 0, 'شقة واحدة', 0, '', '', 2, 'التلال', 0, '', 9500000, 0, 0, 1, 'غير معروف', '0564569700', 0, 0, 'السلام عليكم \n عروض المدينه المنوره\n \n محطه فئه دال \n الموقع التلال\n \n المساحه ٢١٩٥\n عدد المحلات ٨ + اربع طرمبات بنزين \n الدخل ٦٥٠ الف باقي من العقد ٤ سنوات \n المطلوب ٩ ونص', '2018-07-22', 1, 0, '', 1, 0),
(1356, '2', 2, 'سكني', 'خارجي', 0, 0, 'دورين', 0, 'شقة واحدة', 0, '', '', 3, 'لا يوجد', 0, '', 1200000, 0, 0, 1, 'غير معروف', '0553077688', 0, 0, 'زبون يرغب بشراء فيلا امريكي اي جهه قريبة من الدائري الشراء كاش', '2018-07-22', 1, 0, '', 0, 0),
(1353, '2', 2, 'سكني', 'خارجي', 0, 0, 'دورين', 0, 'شقة واحدة', 0, '', '', 7, 'الاسكان', 0, '', 750000, 0, 0, 1, 'غير معروف', '0593399847', 0, 0, 'زبون يرغب بشراء بفيلا بالاسكان بحود 750.000', '2018-07-22', 1, 0, '', 0, 0),
(1352, '2', 4, 'سكني', 'خارجي', 0, 0, 'دورين', 0, 'شقة واحدة', 0, '', '', 2, 'لا يوجد', 0, 'لا', 800000, 0, 0, 1, 'غير معروف', '0594731088', 39.593645251431326, 24.48082491012826, 'زبون يرغب بشراء فيلا امريكي جهه التلال والرانوناء حدود 800000', '2018-10-14', 1, 0, '', 0, 0),
(1351, '2', 2, 'سكني', 'خارجي', 0, 0, 'دورين', 0, 'شقة واحدة', 0, '', '', 7, 'لا يوجد', 0, '', 1000000, 80000, 0, 1, 'غير معروف', '0563983363', 0, 0, 'زبون يرغب بشراء عقار ذو دخل حدود مليون واقل', '2018-07-22', 1, 0, '', 0, 0),
(1350, '2', 2, 'سكني', 'داخل', 0, 0, 'دورين', 0, 'شقة واحدة', 0, '', '', 7, 'لا يوجد', 0, '', 750000, 0, 0, 1, 'غير معروف', '0542755755', 0, 0, 'زبون يرغب بشراء فيلا بالاسكان بحدود 750.000', '2018-07-22', 1, 0, '', 0, 0),
(1349, '2', 1, 'سكني', 'خارجي', 0, 0, 'دورين', 0, 'شقة واحدة', 0, '', '', 2, 'التلال', 0, '', 300000, 0, 0, 1, 'غير معروف', '0500090761', 0, 0, 'زبون يرغب بشرا ارض سكنيه بحدود 300.000', '2018-07-22', 1, 0, '', 0, 0),
(1347, '2', 2, 'سكني', 'داخل', 0, 0, 'دورين', 0, 'شقة واحدة', 0, '', '', 7, 'الاسكان', 0, '', 900000, 0, 0, 1, 'غير معروف', '0500583555', 0, 0, 'زبون يرغب الشراء في الاسكان', '2018-07-22', 1, 0, '', 0, 0),
(1343, '1', 7, 'سكني', 'خارجي', 650, 0, 'دورين', 0, 'شقة واحدة', 0, '', '', 10, 'لا يوجد', 0, '', 750000, 0, 0, 1, 'غير معروف', '0500948000', 0, 0, 'استراحه للبيع بحمراء الاسد أ جوار طريق الجامعات\n المساحه 651\n شارع 14 جنوب\n شارع 10 غرب \n مواقف شمال\n الاستراحه قسمين مؤثثه بالكامل، قسم غرفتين ومطبخ ومسبح مفلتر ومرواش ومساحات خضراء ومكان مخصص للشوي\n قسم ثلاثه غرف ومطبخ وملهي ومسطحات خضراء ملعب طائرة نجيله\n من المالك\n السوم 650 الف\n المطلوب 750 الف قابله للتفاوض', '2018-07-22', 1, 0, '', 0, 0),
(1342, '2', 2, 'سكني', 'خارجي', 0, 0, 'دورين', 0, 'شقة واحدة', 0, '', '', 7, 'لا يوجد', 0, '', 750000, 0, 0, 1, 'غير معروف', '0561026353', 0, 0, 'زبون طالب فيلا بالاسكان حدود 750 الف', '2018-07-22', 1, 0, '', 0, 0),
(1341, '1', 6, 'سكني', 'داخل', 450, 0, 'دورين', 0, 'شقة واحدة', 0, '', '', 4, 'لا يوجد', 0, '', 650000, 0, 0, 1, 'غير معروف', '0551914031', 0, 0, 'بيت شعبي في حي الدويخله قريب من سوق الراشد مول وقريب من الشارع العام المساحه 450م عل 3 شوارع شارع8شمالي و10جنوبي و10شرقي\n المطلوب650الف قابل للتفاوض', '2018-07-22', 1, 0, '', 0, 0),
(1340, '2', 4, 'سكني', 'خارجي', 0, 0, 'دورين', 0, 'شقة واحدة', 0, '', '', 2, 'لا يوجد', 0, '', 900000, 0, 0, 1, 'غير معروف', '0568842286', 0, 0, 'زبون مباشر يرغب بشراء فيلا امريكي في مخططات الهجره ويفضل جهه الممشى حدود مليون', '2018-07-22', 1, 0, '', 0, 0),
(1339, '2', 2, 'سكني', 'داخل', 0, 0, 'دورين', 0, 'شقتين او ثلاثة', 0, '', '', 6, 'لا يوجد', 0, '', 800000, 0, 0, 1, 'غير معروف', '0535961292', 0, 0, 'زبون مباشر يرغب بشراء عماره 3شقق او 4شقق عن طريق البنك حدود 800', '2018-07-22', 1, 0, '', 0, 0),
(1338, '2', 2, 'سكني', 'داخل', 0, 0, 'دورين', 0, 'شقة واحدة', 0, '', '', 6, 'لا يوجد', 0, '', 900000, 0, 0, 1, 'غير معروف', '‎٥‎٨‎ ‎١‎٠‎٩‎ ‎', 0, 0, 'يطلب دور واحد بالعاقول بحدود 900 الي 800 الف', '2018-07-22', 1, 0, '', 0, 0),
(1336, '2', 2, 'سكني', 'خارجي', 0, 0, 'دورين', 0, 'شقة واحدة', 0, '', '', 7, 'الاسكان', 0, '', 700000, 0, 0, 1, 'غير معروف', '0505312448', 0, 0, 'زبون يطلب فيلا بالاسكان بحدود 700000', '2018-07-22', 1, 0, '', 0, 0),
(1335, '2', 2, 'سكني', 'خارجي', 0, 0, 'دورين', 0, '4 - 7 شقق', 0, '', '', 6, 'لا يوجد', 0, '', 1500000, 0, 0, 1, 'غير معروف', '‎٥‎٠‎ ‎٤‎٣‎٦‎ ‎', 0, 0, 'زبون يرغب في فيلا نظام امريكي بالملك فهد بحدود مليون و300 الف', '2018-07-22', 1, 0, '', 0, 0),
(1334, '2', 4, 'سكني', 'داخل', 0, 0, 'دورين', 0, 'شقة واحدة', 0, '', '', 2, 'لا يوجد', 0, '', 900000, 0, 0, 1, 'غير معروف', '0500186050', 0, 0, 'زبون مباشر يرغب بشراء فيلا جهة الهجرة بحدود 900000', '2018-07-22', 1, 0, '', 0, 0),
(1331, '2', 2, 'سكني', 'خارجي', 0, 0, 'دورين', 0, 'شقة واحدة', 0, '', '', 3, 'السلام', 0, '', 800000, 0, 0, 1, 'غير معروف', '0562567409', 0, 0, 'زبون يرغب في موقع فيلا + عمارة بالسلام', '2018-07-22', 1, 0, '', 0, 0),
(1330, '2', 2, 'سكني', 'داخل', 0, 0, 'دورين', 0, 'شقة واحدة', 0, '', '', 2, 'لا يوجد', 0, '', 1500000, 0, 0, 1, 'غير معروف', '0501240700', 0, 0, 'زبون مباشر يرغب بشراء خمس شقق جهه الرانوناء بحدود مليون و500', '2018-07-22', 1, 0, '', 0, 0),
(1329, '2', 2, 'سكني', 'داخل', 0, 0, 'دورين', 0, 'شقة واحدة', 0, '', '', 7, 'لا يوجد', 0, '', 1000000, 0, 0, 1, 'غير معروف', '0505250448', 0, 0, 'زبون عن طريق بنك الراجحي يبغا حدود مليون جهه الخالديه', '2018-07-22', 1, 0, '', 0, 0),
(1327, '2', 2, 'سكني', 'خارجي', 0, 0, 'دورين', 0, 'شقة واحدة', 0, '', '', 7, 'الاسكان الشمالي', 0, '', 800000, 0, 0, 1, 'غير معروف', '0544280333', 0, 0, 'زبون مباشر يرغب بشراء فيلا بالاسكان الشمالي واحتمال لو فيه شي طيب جهه السلام ممكن ياخذ حدوده 800.000', '2018-07-22', 1, 0, '', 0, 0),
(1326, '2', 4, 'سكني', 'خارجي', 0, 0, 'دورين', 0, 'شقة واحدة', 0, '', '', 3, 'اي', 0, '', 600000, 0, 0, 1, 'غير معروف', '0590477566', 0, 0, 'زبون مباشر يرغب بشراء فيلا امريكي باي جهه بحدود 600.000 عن البمك', '2018-07-22', 1, 0, '', 0, 0),
(1325, '2', 2, 'سكني', 'داخل', 0, 0, 'دورين', 0, 'شقة واحدة', 0, '', '', 7, 'الاسكان الشمالي', 0, '', 750000, 0, 0, 1, 'غير معروف', '0541362150', 0, 0, 'زبون مباشر يرغب بشراء فيلا بالاسكان الشمالي', '2018-07-22', 1, 0, '', 0, 0),
(1324, '1', 1, 'تجاري', 'داخل', 2261, 0, 'دورين', 0, 'شقة واحدة', 0, '', '', 1, 'الشفاء', 0, '', 5200000, 0, 0, 1, 'غير معروف', '0550371610', 0, 0, 'قطعه تجايرة بالشفاء على شارع اسيد ابن كعب اربع قطع راس بلوك السعر 5مليون و200', '2018-07-22', 1, 0, '', 0, 0),
(1322, '1', 1, 'سكني', 'داخل', 775, 0, 'دورين', 0, 'شقة واحدة', 0, '', '', 2, 'الرانوناء', 0, '', 550000, 0, 0, 6, 'غير معروف', '0559283583', 0, 0, 'فرصه قطعه سكنية بالرانوناء المنح 775م شارع 16 رقم 21 السعر 550.000', '2018-07-22', 1, 0, '', 0, 0),
(1321, '2', 2, 'سكني', 'داخل', 0, 0, 'دورين', 0, 'شقة واحدة', 0, '', '', 7, 'الاسكان الشمالي', 0, '', 700000, 0, 0, 1, 'غير معروف', '0537700422', 0, 0, 'زبون مباشر يرغب بشراء فيلا بالاسكان الشمالي بحدود 700.000 كاش', '2018-07-22', 1, 0, '', 0, 0),
(1320, '2', 2, 'سكني', 'داخل', 0, 0, 'دورين', 0, 'شقتين او ثلاثة', 0, '', '', 2, 'عروة او الوبرة', 0, '', 900000, 0, 0, 1, 'غير معروف', '0506331335', 0, 0, 'زبون مباشر يرغب بشراء عماره او ارض او بيت شعبي حوالين سوق الخضار بحي عروة او الوبره  بحدود 900000', '2018-07-22', 1, 0, '', 0, 0),
(1319, '2', 2, 'سكني', 'داخل', 0, 0, 'دورين', 1, 'شقة واحدة', 0, '', '', 7, 'الاسكان', 0, '', 700000, 0, 0, 1, 'غير معروف', '0542870111', 0, 0, 'زبون مباشر يرغب بشراء فيلا بالاسكان بحدود 750000 كاش', '2018-07-22', 1, 0, '', 0, 0),
(1318, '2', 2, 'سكني', 'داخل', 400, 0, 'دورين', 0, 'شقة واحدة', 0, '', '', 7, 'الاسكان الشمالي', 0, '', 800000, 0, 0, 1, 'غير معروف', '0545272230', 0, 0, 'زبرن مباشر يرغب بشراء فيلا بالاسكان بحدود 800.000', '2018-07-22', 1, 0, '', 0, 0),
(1317, '2', 2, 'سكني', 'خارجي', 0, 0, 'دورين', 1, 'شقة واحدة', 0, '', '', 3, 'اي', 0, '', 600000, 0, 0, 1, 'غير معروف', '0557503357', 0, 0, 'زبون مباشر يرغب بشراء عماره دور عن طريق البنك السعر بحدود 600.000', '2018-07-22', 1, 0, '', 0, 0),
(1315, '2', 2, 'سكني', 'داخل', 0, 0, 'دورين', 0, 'شقة واحدة', 0, '', '', 7, 'اي', 0, '', 1000000, 0, 0, 1, 'غير معروف', '0504360345', 0, 0, 'زبون يرغب بشراء عماره بالخالديه او فيلا بالاسكان 500 بنك والباقي كاش اهم شي السعر بحدود المليون', '2018-07-22', 1, 0, '', 0, 0),
(1314, '2', 2, 'سكني', 'داخل', 0, 0, 'دورين', 0, 'شقة واحدة', 0, '', '', 7, 'الاسكان الشمالي', 0, '', 750000, 0, 0, 1, 'غير معروف', '0566568550', 0, 0, 'زبون يرغب بشراء فيلا بالاسكان الشمالي او الجنوبي دحود 750000', '2018-07-22', 1, 0, '', 0, 0),
(1313, '2', 2, 'سكني', 'خارجي', 0, 0, 'دورين', 0, 'شقة واحدة', 0, '', '', 3, 'لا يوجد', 0, '', 2000000, 0, 0, 3, 'غير معروف', '0541565692', 0, 0, 'زبون عن طريق وسيط مباشر يرغب في عمارة بالفيصلية الجنوبية او مخطط بن جميعه نظام شقق بحدود 2 مليون', '2018-07-22', 1, 0, '', 0, 0),
(1312, '2', 2, 'سكني', 'داخل', 0, 0, 'دورين', 0, 'شقة واحدة', 0, '', '', 7, 'لا يوجد', 0, '', 700000, 0, 0, 1, 'غير معروف', '0561026353', 0, 0, 'زبون مباشر يرغب بشراء فيلا بالاسكان الشمالي بحدود 750.000', '2018-07-22', 1, 0, '', 0, 0),
(1311, '2', 2, 'سكني', 'خارجي', 0, 0, 'دورين', 0, '4 - 7 شقق', 0, '', '', 3, 'لا يوجد', 0, '', 900000, 0, 0, 1, 'غير معروف', '0553100014', 0, 0, 'طالب عمارة في العزيزية مخطط تــ1 بحدود 900.000', '2018-07-22', 1, 0, '', 0, 0),
(1310, '2', 2, 'سكني', 'داخل', 0, 0, 'دورين', 0, 'شقة واحدة', 0, '', '', 7, 'لا يوجد', 0, '', 800000, 0, 0, 1, 'غير معروف', '0555955283', 0, 0, 'زبون يرغب بشراء فيلا بالاسكان الشمالي بشرط تكون نظيفه وسعرها حوالي 800.000', '2018-07-22', 1, 0, '', 0, 0),
(1309, '2', 2, 'سكني', 'داخل', 0, 0, 'دورين', 0, 'شقة واحدة', 0, '', '', 7, 'الاسكان الشمالي', 0, '', 750000, 0, 0, 1, 'غير معروف', '0555534542', 0, 0, 'زيون مباشر يرغب في الوقوف على على فيلا الاسكان ام 750000', '2018-07-22', 1, 0, '', 0, 0),
(1308, '2', 2, 'سكني', 'داخل', 0, 0, 'دورين', 0, 'شقة واحدة', 0, '', '', 7, 'الاسكان', 0, '', 700000, 0, 0, 1, 'غير معروف', '0566568550', 0, 0, 'زبون يرغب بشراء فيلا بالاسكان الشمالي بحدود 700.000', '2018-07-22', 1, 0, '', 0, 0),
(1307, '2', 2, 'سكني', 'خارج', 0, 0, 'دورين', 0, 'شقة واحدة', 0, '', '', 3, 'قبل طريق الملك سعود', 0, '', 800000, 0, 0, 1, 'غير معروف', '0548085999', 0, 0, 'زبون مباشر يرغب بشراء عمارة دور  بالعزيزية تكون في المنطقة ماقبل طريق الملك سعود بحدود 800.000 لو فيه ارض سكنيه بهذه المنطقه وسعرها طيب تكون مناسبه', '2018-07-22', 1, 0, '', 0, 0),
(1306, '1', 2, 'سكني', 'داخل', 330, 0, 'دورين', 2, '4 - 7 شقق', 5, '', '', 6, 'القثمي', 0, '', 1430000, 0, 0, 1, 'غير معروف', '0563459800', 0, 0, 'المدينه المنوره \n للبيع عماره خمس شقق جديدة تشطيب راقي دورين وملحق مساحتها 330 كل شقة ثلاث غرف وثلاث حمامات ومطبخ وصالة مع تأسيس مصعد على واجهتين شارع 14 غربي و10 جنوبي الموقع اول حي الدويخلة شرق مدرسة العريض خلف الراشد مول العمارة عليها بنك عقاري تقريبا 480 الف مطلوب كاش 950 الف مع تقبل البنك العقاري بالسداد الشهري او تكييش المبلغ حسب رغبة المشتري.', '2018-07-22', 1, 0, '', 0, 0),
(1304, '1', 7, 'سكني', 'خارج', 525, 0, 'دورين', 1, 'شقة واحدة', 0, '', '', 5, 'المحاميد', 0, '', 400000, 0, 0, 1, 'غير معروف', '0542162034', 0, 0, 'استراحه في مخطط المحاميد بصك اكتروني المساحه ٥٢٥ على شارع واحد مساحه الشارع ٢٥ الاستراحه قسمين وكل قسم بحوش اربع غرف وصاله المطلوب ٤٠٠ غير قابل للتفاوض (غير قابل للتفاوض )', '2018-07-22', 1, 0, '', 0, 0),
(1303, '2', 2, 'سكني', 'داخل', 0, 0, 'دورين', 0, 'شقة واحدة', 0, '', '', 7, 'الاسكان الشمالي', 0, '', 800000, 0, 0, 1, 'غير معروف', '0559723616', 0, 0, 'زبون يرغب بشراء فيلا بالاسكتن الشمالي بحدود 800.000', '2018-07-22', 1, 0, '', 0, 0),
(1302, '1', 4, 'سكني', 'داخل', 660, 0, 'دورين', 0, 'شقة واحدة', 0, '', '', 2, 'القصوى', 0, '', 3700000, 0, 0, 1, 'غير معروف', '0551120100', 0, 0, '(فيلا بالمدينه المنوره حي القصوى) \n المساحه ٦٦٠م على شارعين \n عرض الشارع غرب ١٦م / شمال ٦ م\n .....\n الدور الأرضي مساحته/ ٣٠٨.٣٠\n حوش كبير يسع لأكثر من ٣ سيارات+مشب +غرفه سائق بمدخل خارجي.\n الدور الأرضي مجلس رجال+ مجلس نساء+ ٢ دوره مياه+ صاله كبيره +غرفه خادمه بدوره مياه + مطبخ داخلي وخارجي \n ... \n الدور الثاني مساحته ٢٨٨.١م\n ٥غرف نوم +ثلاث دورات مياه +صاله كبيره+٢ بلكونه+مكتبه \n .....\n ملحق علوي مساحته ٩٧.٤٥\n ٢ غرفه + دوره مياه\n ....\n تسليك مصعد جاهز\n تسليك مكيف سبيلت+ مركزي جاهز \n تشطيب شخصي فاخر بـــ3مليون و700', '2018-07-22', 1, 0, '', 0, 0),
(1301, '2', 2, 'سكني', 'داخل', 0, 0, 'دورين', 0, 'شقة واحدة', 0, '', '', 7, 'الاسكان الشمالي', 0, '', 800000, 0, 0, 1, 'غير معروف', '0505104497', 0, 0, 'زبون مباشر يرغب بشراء فيلا بالاسكان ومتردد', '2018-07-22', 1, 0, '', 0, 0),
(1300, '1', 4, 'سكني', 'داخل', 321, 3, 'دورين', 0, 'شقة واحدة', 0, '', '', 6, 'الزاحم', 0, '', 1500000, 0, 0, 1, 'غير معروف', '0544160827', 0, 0, 'فيلا امريكي للبيع في باقدوا مخطط الزاحم مساحه 321م عمرها 4 سنوات بسعر مليون و400 قابل لتفاوظ', '2018-07-22', 1, 0, '', 0, 0),
(1299, '2', 4, 'سكني', 'خارجي', 0, 0, 'دورين', 0, 'شقة واحدة', 0, '', '', 3, 'اي', 0, '', 900000, 0, 0, 1, 'غير معروف', '0500422471', 0, 0, 'زبون مباشر يرغب بشراء فيلا امريكي بالعزيزية او السلام بحدود 900.000', '2018-07-22', 1, 0, '', 0, 0),
(1298, '2', 4, 'سكني', 'خارجي', 0, 0, 'دورين', 0, 'شقة واحدة', 0, '', '', 2, 'اي', 0, '', 1200000, 0, 0, 1, 'غير معروف', '0555362440', 0, 0, 'زبون مباشر يرغب بشراء فيلا امريكي جهه الهجره باي مخطط السعر لا يتجاوز مليون و200 ويفضل قرب الممشى', '2018-07-22', 1, 0, '', 0, 0),
(1297, '1', 3, 'تجاري', 'داخل', 500, 5, '4 أدوار', 0, '8 شقق وما فوق', 140, '', '', 8, 'الحرم', 0, '', 160000000, 0, 0, 1, 'غير معروف', '0545836610', 0, 0, 'فندق بالمنطقة المركزية الجنوبية الغربية مكون من 140 غرفة مصرح به ل 500 حاج مؤجر ب 5 مليون   مطلوب 160 مليون', '2018-07-22', 1, 0, '', 0, 0),
(1296, '2', 2, 'سكني', 'خارجي', 0, 0, 'دورين', 0, 'شقة واحدة', 0, '', '', 7, 'لا يوجد', 0, '', 750000, 0, 0, 1, 'غير معروف', '0506311517', 0, 0, 'زبون نازله البنك العقاري ويبحث عن عقار مناسب جهه الخالديه او الاسكان او مخططات شرق المدينه', '2018-07-22', 1, 0, '', 0, 0),
(1295, '1', 1, 'سكني', 'داخل', 1430, 0, '4 أدوار', 0, 'شقة واحدة', 0, '', '', 4, 'السليمانية', 0, '', 3000000, 0, 0, 1, 'غير معروف', '0590008545', 0, 0, 'ارض سكنية بالسليمانية مقابل الراشد مول ثلاث واجهات مساحه 1430م بـ3مليون قابل لتفاوظ', '2018-07-22', 1, 0, '', 0, 0),
(1294, '1', 2, 'سكني', 'داخل', 495, 20, 'دورين', 3, '4 - 7 شقق', 6, '', '', 7, 'الخالدية', 0, '', 1600000, 0, 0, 1, 'غير معروف', '0546639445', 0, 0, 'عمارة بالخالدية مكونة من 6شقق 4شقق من 4 غرف وشقتين من 3 غرف مساحه 495م واجهتين بمليون و600', '2018-07-22', 1, 0, '', 0, 0),
(1293, '1', 2, 'سكني', 'داخل', 400, 20, 'دورين', 2, '4 - 7 شقق', 4, '', '', 7, 'الخالدية', 0, '', 1400000, 0, 0, 2, 'غير معروف', '0539107780', 0, 0, 'عماره 4شقق بالخالدية من 4 غرف وصاله مساحه 400م العمر حوالي 20 سنه بمليون و400', '2018-07-22', 1, 0, '', 0, 0),
(1291, '1', 2, 'سكني', 'داخل', 400, 0, 'دورين', 1, 'شقة واحدة', 0, '', '', 7, 'الاسكان الشمالي', 0, '', 800000, 0, 0, 1, 'غير معروف', '0557711167', 0, 0, 'عميل لديه العديد من فلل الاسكان بمختلف الاسعار', '2018-07-22', 1, 0, '', 0, 0),
(1290, '1', 2, 'تجاري', 'داخل', 1040, 5, '4 أدوار', 3, '8 شقق وما فوق', 0, '', '', 4, 'قباء', 0, '', 17000000, 850000, 0, 1, 'غير معروف', '0553311239', 0, 0, 'للبيع عمارة تجاريه على الدائري الثاني نظام معارض مؤجره بـ850.000 لسنه الواحده مده 10 سنوات مضى من العقد سنتين المطلوب 17 مليون السوم 15 مليون', '2018-07-22', 1, 0, '', 0, 0),
(1287, '2', 4, 'سكني', 'داخل', 0, 0, 'دورين', 0, 'شقة واحدة', 0, '', '', 2, 'لا يوجد', 0, '', 1300000, 0, 0, 1, 'غير معروف', '0564103330', 0, 0, 'زبرن مباشر يرغب بشراء فيلا امريكي بجوار الممشى بالهجره بحدود مليون و300 ونازل', '2018-07-22', 1, 0, '', 0, 0),
(1286, '2', 2, 'سكني', 'خارجي', 0, 0, 'دورين', 0, 'شقتين او ثلاثة', 0, '', '', 3, 'السلام', 0, '', 900000, 0, 0, 1, 'غير معروف', '0504354744', 0, 0, 'زبون يرغب بشراء عمارة جهه السلام بحدود 900.000', '2018-07-22', 1, 0, '', 0, 0),
(1284, '2', 2, 'سكني', 'خارجي', 0, 0, 'دورين', 0, '4 - 7 شقق', 0, '', '', 3, 'الفيصلية', 0, '', 2500000, 0, 0, 1, 'غير معروف', '0547497307', 0, 0, 'زبون مباشر يرغب بشراء عمارة بالفيصلية 5 شقق او شقق وفيلا حدود السعر 2500.000', '2018-07-22', 1, 0, '', 0, 0),
(1283, '2', 2, 'سكني', 'خارجي', 0, 0, 'دورين', 0, 'شقتين', 0, '', '', 6, 'لا يوجد', 0, '', 1000000, 0, 0, 1, 'غير معروف', '0545333582', 0, 0, 'زبون يرغب بشراء عمارة دور جهه مخططات شرق المدينة الشراء بنك حدود 850.000', '2018-07-22', 1, 0, '', 0, 0),
(1282, '2', 2, 'تجاري', 'خارجي', 0, 0, 'دورين', 0, 'شقتين او ثلاثة', 0, '', '', 3, 'اي', 0, '', 900000, 0, 0, 1, 'غير معروف', '0504769693', 0, 0, 'زبون مباشر يرغب بشراء عمارة بالعزيزية يفضل تجاري واذا سكني مافيه مشكله', '2018-07-22', 1, 0, '', 0, 0),
(1281, '2', 2, 'سكني', 'خارج', 0, 0, 'دورين', 1, 'شقة واحدة', 0, '', '', 3, 'اي', 0, '', 800000, 0, 0, 1, 'غير معروف', '0560030156', 0, 0, 'زبون مباشر يرغب بشراء عمارة دور في العزيزية او السلام حدود 800.000', '2018-07-22', 1, 0, '', 0, 0),
(1279, '1', 6, 'سكني', 'داخل', 332, 20, 'دورين', 0, 'شقة واحدة', 0, '', '', 4, 'لا يوجد', 0, '', 350000, 0, 0, 3, 'غير معروف', '0567501219', 0, 0, 'بيت شعبي بالحزام مقسم علي قسمين كل قسم غرفتين مساحة 332 م  مطلوب 350 الف', '2018-07-22', 1, 0, '', 0, 0),
(1276, '1', 4, 'سكني', 'داخل', 356, 0, 'دورين', 0, 'شقة واحدة', 0, '', '', 1, 'النخيل', 0, '', 1500000, 0, 0, 1, 'غير معروف', '0503338887', 0, 0, 'للبيع فيلا نظام امريكي نظام بحوش وكراج وغرفه سائق مساحه 356م قريبه من مدراس الملك عبدالعزيز النموذجيه بــمليون و500', '2018-07-22', 1, 0, '', 0, 0),
(1275, '2', 4, 'سكني', 'داخل', 0, 0, 'دورين', 0, 'شقة واحدة', 0, '', '', 1, 'لا يوجد', 0, '', 1300000, 0, 0, 1, 'غير معروف', '0540400302', 0, 0, 'زبون طالب فيلا امريكي بالبدراني وماحوله الشراء كاش السعر الى مليون و300', '2018-07-22', 1, 0, '', 0, 0),
(1274, '2', 2, 'سكني', 'داخل', 0, 0, 'دورين', 0, 'شقتين او ثلاثة', 0, '', '', 2, 'اي', 0, '', 1300000, 0, 0, 1, 'غير معروف', '0551084205', 0, 0, 'عمارة شقتين او فيلا وشقة جهه مخططات الهجرة بحدود مليون و300 عن طريق البنك', '2018-07-22', 1, 0, '', 0, 0),
(1273, '2', 1, 'سكني', 'خارج', 0, 0, 'دورين', 0, 'شقة واحدة', 0, '', '', 6, 'العاقول خلف البخاري', 0, '', 1500000, 0, 0, 1, 'غير معروف', '0590900372', 0, 0, 'زبون يرغب بشراء ارض سكنيه بالعاقول خلف مطعم البخاري او حوله بسعر السوق مساحه حدود 600م', '2018-07-22', 1, 0, '', 0, 0),
(1271, '1', 2, 'سكني', 'داخل', 562, 0, 'دورين', 3, '4 - 7 شقق', 6, '', '', 3, 'بن جميعه', 0, '', 3500000, 150000, 0, 1, 'غير معروف', '0503338887', 0, 0, 'عمارة 3 ادوار بن جميعه 6 شقق من 4 غرف وصاله واجهه رخام فيها مصعد 562م بـ3مليون و500 قابل لتفاوظ', '2018-07-22', 1, 0, '', 0, 0),
(1270, '1', 1, 'سكني', 'داخل', 560, 0, 'دورين', 0, 'شقة واحدة', 0, '', '', 6, 'الزاحم', 0, '', 560000, 0, 0, 6, 'غير معروف', '0547426280', 0, 0, 'للبيع ارض سكنيه مخطط الزاحم باقدو مساحه 560 م واجهه جنوبيه 560 الف صافي', '2018-07-22', 1, 0, '', 0, 0),
(1269, '1', 2, 'سكني', 'داخل', 321, 23, '4 أدوار', 4, '4 - 7 شقق', 4, '', '', 4, 'العنابس', 0, '', 2400000, 0, 0, 3, 'غير معروف', '0507894071', 0, 0, 'للبيع عماره في حي العنابس خلف مزرعة نغيمش الاحمدي وقريبه من دوار السلام تبعد عن الحرم 10 دقائق مساحتها 321 م على ثلاث واجهات مرتفعه وبها خزان ارضي كبير 4ادوار وغرفه خلفيه للحارس وكراج صغير الدور الارضي 4 غرف غرفة نوم بحمام داخلي وغرفة ملابس داخليه ،وصاله وثلاث دورات مياه ومطبخ وغرفه للغسيل داخل المطبخ الدورالاول 5 غرف غرفة نوم بحمام داخلي وصاله وثلاث دورات مياه وغرفة غسيل والثاني 5 غرف وثلاث دورات مياه وصاله كبيره الدور الثالث مبني حديث عباره عن ثلاثه غرف وثلاثة حمامات ومطبخ وديوان كبير بمساحه 16 متر تقريبا ويوجد لهذا الدور تسليك لمكيفات سبليت داخلي يوجد بالعماره مصعد جديد له سنه واحده عمر العماره 23 سنه ماعدا الدور الثالث سنه واحده السعر 2مليون و400', '2018-07-22', 1, 0, '', 0, 0),
(1268, '1', 1, 'سكني', 'داخل', 0, 0, 'دورين', 0, 'شقة واحدة', 0, '', '', 2, 'مجموعه قطع بشوران', 0, '', 400000, 0, 0, 6, 'غير معروف', '0503320767', 0, 0, 'مجموعة اراضي سكنية جديدة في شوران داخل حد الحرم 1_في شوران ر مساحتها 800 م رقمها 105 موقف شمالي المطلوب 400 الف 2_في شوران ر ورقمها 122 موقف مساحتها 800 م المطلوب 400 الف 3_في شوران ر ورقمها 652 موقف مساحتها 800 م المطلوب 500 الف 4_شوران ق 461 مساحتها 800 م شارع 10 جنوبي المطلوب 450 الف في شوران د رقمها 2774 موقف غربي في نصف الموقف مساحتها 800 م المطلوب 550 الف', '2018-07-22', 1, 0, '', 0, 0),
(1267, '1', 4, 'سكني', 'داخل', 275, 0, 'دورين', 0, 'شقة واحدة', 0, '', '', 2, 'شوران و', 0, '', 1350000, 0, 0, 6, 'غير معروف', '0593020816', 0, 0, '?فيلا للبيع بشوران? مساحة الارض 275 مساحةالمباني 400 *10 غرف* 7 حمامات *مسبح خلفي* حديقة امامية حديقة سطح امامي سطح خلفي ماسس لجاكوزي *البيع بالاثاث* السعر مليون و350 الف', '2018-07-22', 1, 0, '', 0, 0),
(1266, '1', 1, 'سكني', 'داخل', 750, 0, '4 أدوار', 0, 'شقة واحدة', 0, '', '', 4, 'الحرة الشرقية', 0, '', 2250000, 0, 0, 1, 'غير معروف', '0538409987', 0, 0, 'السلام عليكم', '2018-07-22', 1, 0, '', 0, 0),
(1265, '1', 1, 'تجاري', 'داخل', 1111, 0, 'دورين', 0, 'شقة واحدة', 0, '', '', 2, 'جوهرة العالية', 0, '', 1300000, 0, 0, 6, 'غير معروف', '0538409987', 0, 0, 'السلام عليكم', '2018-07-22', 1, 0, '', 0, 0),
(1264, '2', 4, 'سكني', 'داخل', 0, 0, 'دورين', 0, 'شقة واحدة', 0, '', '', 2, 'يفضل حول الممشى', 0, '', 1300000, 0, 0, 1, 'غير معروف', '0556313555', 0, 0, 'زبون يرغب بشراء فيلا امريكي ويفضل معها شقة جهه الهجره حدود مليون و300', '2018-07-22', 1, 0, '', 0, 0),
(1261, '1', 1, 'سكني', 'خارج', 358, 0, 'دورين', 0, 'شقة واحدة', 0, '', '', 2, 'التلال', 0, '', 800, 0, 0, 1, 'غير معروف', '0569099444', 0, 0, '358 متر في مخطط التلال الشرقي سعر 800 ريال', '2018-07-22', 1, 0, '', 0, 0),
(1259, '2', 1, 'سكني', 'خارجي', 0, 0, 'دورين', 0, 'شقة واحدة', 0, '', '', 2, 'لا يوجد', 0, '', 300000, 0, 0, 1, 'غير معروف', '0507717142', 0, 0, 'زبون مباشر يرغب بشراء ارض سكنية مفرزه بالرانونا او التلال حدود 300.000', '2018-07-22', 1, 0, '', 0, 0),
(1258, '2', 2, 'سكني', 'خارجي', 0, 0, 'دورين', 0, 'شقة واحدة', 0, '', '', 3, 'السلام', 0, '', 1400000, 0, 0, 1, 'غير معروف', '0507894071', 0, 0, 'زبون يرغب بشراء عماره 4شقق اول العزيزية او السلام او فيلا معها شقق حدود مليون و400', '2018-07-22', 1, 0, '', 0, 0),
(1257, '2', 2, 'سكني', 'داخل', 0, 0, 'دورين', 0, 'شقة واحدة', 0, '', '', 2, 'الرانونا وشوران', 0, '', 1600000, 0, 0, 1, 'غير معروف', '0555316400', 0, 0, 'زبون مباشر يرغب بشراء فيلا مع شقق جهه الرانونا وشوران حدود مليون و600', '2018-07-22', 1, 0, '', 0, 0),
(1255, '1', 8, 'سكني', 'داخل', 200, 0, 'دورين', 0, 'شقة واحدة', 0, '', '', 5, 'السراني', 0, '', 500000, 0, 0, 1, 'غير معروف', '0564160119', 0, 0, 'للبيع 4 شقق بمخطط السراني بحي البركه\n من 5 غرف وصاله و3 دورات مياه تشطيب ممتاز الارضي ب500 الف ريال \n والاول ب 550الف ريال\n \n الدور الارضي 200 متر \n والدور الاول 215 متر', '2018-07-22', 1, 0, '', 0, 0),
(1253, '1', 3, 'تجاري', 'داخل', 1300, 2, '4 أدوار', 4, '8 شقق وما فوق', 0, '', '', 4, 'درة السليمانية', 0, '', 30000000, 1800000, 0, 6, 'غير معروف', '0598773969', 0, 0, 'فندق للبيع مقام على قطعتين أرض كل فندق مستقل ولكن الواجهات ستتصل مع بعض، في مخطط  درة السليمانية على شارع جبار بن صخر .\n \n قريبة من الدائري الثاني، وقريبة من شارع الأمير محمد، مساحة الارض:1300م، \n على شارع: 40م، الفندق من خمسة أدوار ودوريين بدروم مواقف، مطعم، لوبي 400م، مغسلة، عدد الوحدات: 76 وحدة، عدد الغرف: 84 تقريبا، باقي شهر على التشطيب، \n **  تم تأجير الفندق لشركة بقيمة: 1.800.000ريال\n ، سيبدأ الايجار بعد شهرين من دخول الكهرباء، لمدة خمسة سنوات، نسبة الدخل: 6.4%, تم شراء الأثاث من تركيا، غرف ذكية لبعض الغرف الغرف الستالايات 700 قناة رسالة ترحيبية على الشاشة، طاولة بلياردوا بقيمة: 23الف، اكسسورات وتحف بقيمة: 150الف، كل مبنى مكويت مختلف، حاليا بتركب الغرف والموكيت والثلاجات والمغسلة  والمطابخ، فيه دبابين ماركة هارلي في الاستقبال بقيمة 60الف، تم تركيب نظام الحاسوب الفندقي لادارة وتشغيل الفندق في أي مكان في العالم ممكن الماك يدير الفندق ويعرف المدخولات والمصروفات بشكل مباشر، المطلوب: 30.000.000 ريال،\n \n والله الموفق', '2018-07-22', 1, 0, '', 0, 0),
(1251, '1', 2, 'تجاري', 'داخل', 1800, 0, '4 أدوار', 0, '8 شقق وما فوق', 0, '', '', 4, 'الدائري الثاني', 0, '', 25000000, 2300000, 0, 6, 'غير معروف', '0546639445', 0, 0, 'عمارة على الدائري الثاني \n المساحة ١٨٠٠ متر \n مؤجرة بعقد ب ٢٣٠٠٠٠٠ ريال سنوي \n المطلوب ٢٥ مليون', '2018-07-22', 1, 0, '', 0, 0),
(1250, '2', 4, 'سكني', 'خارجي', 0, 0, 'دورين', 0, 'شقة واحدة', 0, '', '', 2, 'لا يوجد', 0, '', 800000, 0, 0, 1, 'غير معروف', '0500992513', 0, 0, 'زبون طالب فيلا امريكي بالعزيزية او جهات الهجرة شرط ماتكون مساحتها اقل من 300م حدود 800.000', '2018-07-22', 1, 0, '', 0, 0),
(1249, '2', 4, 'سكني', 'خارجي', 0, 0, 'دورين', 0, 'شقة واحدة', 0, '', '', 2, 'الرانوناء', 0, '', 750000, 0, 0, 1, 'غير معروف', '0564750075', 0, 0, 'زبون يرغب بشراء فيلا نظام امريكي بمدخل سياره وحوش ويكون شغلها نظيف في حدود 700 الى 750 الف المساحه لو 250 اهم شي شغل مرتب\n في الرانوناء ربوة الرانونا', '2018-07-22', 1, 0, '', 0, 0),
(1248, '1', 2, 'سكني', 'داخل', 470, 12, '4 أدوار', 4, '4 - 7 شقق', 6, '', '', 4, 'السحمان', 0, '', 2000000, 0, 0, 6, 'غير معروف', '0506334355', 0, 0, 'عمارة للبيع بالمدينة المنورة\n بحي السحمان خلف سوق مندرين \n تبعد عن الحرم النبوي تقريبا ٢ كم \n تبعد عن شارع ابي ذر الغفاري اقل من ١٥٠م مساحتها حوالي ٤٧٠ متر مربع \n نسبة البناء مية بالمية( يعني كامل المساحة مبنية ) على ثلاث واجهات\n  ( شارعين شمالي وجنوبي واستطراق غربي ) \n لها مدخلين كلها على الشوارع.  \n تتكون من دورين\n  فيها ٦ شقق \n كل دور فيه ٣ شقق \n الشقة الواحدة فيها \n ٤ غرف و صالة ومطبخ و٢ دورات مياه  ساكنين فيها اصحابها\n المطلوب ٢ مليون ريال صافي \n هي تقع في منطقة ٤ أدوار \n حاليا هي دورين وفيها ٦ شقق', '2018-07-22', 1, 0, '', 0, 0),
(1247, '1', 1, 'سكني', 'داخل', 1127, 0, 'دورين', 0, 'شقة واحدة', 0, '', '', 5, 'البركة', 0, '', 1500000, 0, 0, 6, 'غير معروف', '0561118409', 0, 0, 'قطعه ارض في البركه شارع ضرار بن مالك افضل مناطق المدينه ومنطقه حيويه \n مساحة الأرض 1127 متر \n على ثلاث شوارع \n شارع 24 شمال \n شارع 18 شرق \n شارع 12 جنوب \n رقم القطعه 1', '2018-07-22', 1, 0, '', 0, 0),
(1246, '1', 1, 'تجاري', 'داخل', 1579, 0, '4 أدوار', 0, 'شقة واحدة', 0, '', '', 4, 'المصانع', 0, '', 25000, 0, 0, 6, 'غير معروف', '0548446004', 0, 0, 'للبيع فرصة استثمارية رائعة بالمدينة المنورة \n عبارة عن :\n ارض سكني - تجاري - فندقي\n \n المساحة : ١٥٧٩م٢\n تقع على طريق ابي ذر الغفاري امتداد للمسجد النبوي الشريف\n ثلاث واجهات اثنان تجاري والثالث ١٦\n على حد التوسعة الجديدة سعر المتر 25000 الف', '2018-07-22', 1, 0, '', 0, 0),
(1245, '1', 3, 'تجاري', 'داخل', 1746, 0, '4 أدوار', 5, '8 شقق وما فوق', 0, '', '', 4, 'المصانع', 0, '', 55000000, 0, 0, 1, 'غير معروف', '0548446004', 0, 0, 'فرصة ذهبية عقارية بالمدينة المنورة \n عبارة عن :\n اربع عمائر شقق فندقية \n تقع في حي المصانع وتبعد عن الحرم كيلو متر مطلة على التوسعة الجديدة مباشرة .\n المساحة الاجمالية : 1746م٢\n تتكون من بدروم + ستة ادوار متكررة لكل عمارة + 4 مصاعد + تكييف كامل \n المطلوب : 55،000،000 خمسة وخمسين مليون شاملة الدلالة', '2018-07-22', 1, 0, '', 0, 0),
(1244, '1', 1, 'سكني', 'داخل', 8666, 0, '4 أدوار', 0, 'شقة واحدة', 0, '', '', 4, 'السديري', 0, '', 3600, 0, 0, 6, 'غير معروف', '0502058973', 0, 0, 'ارض داخل الحزام قريبة من بلاد السديري وقريبة للحرم المساحه / 8666متر مربع \n \n  تبعد عن حدود الحرم الحالية 1.5 كم \n وتبعد عن حدود التوسعه الجديدة للحرم 350م\n \n  الارض فرصة ذهبية لاصحاب الاستثمار لان الارض  سوف  يتضاعف سعرها عشرات المرات عند البدءفي مرحلة التوسعه للحرم\n \n \n  السعر 3600  للمتر', '2018-07-22', 1, 0, '', 0, 0),
(1243, '1', 1, 'تجاري', 'داخل', 1700, 0, '4 أدوار', 0, 'شقة واحدة', 0, '', '', 4, 'الاعمدة', 0, '', 1700, 0, 0, 1, 'غير معروف', '0594694685', 0, 0, 'ارض مبني عليها محلات تجارية على شارع الاعمده مطله على الحرم  المساحه  1700 طولها على الشارع التجاري 52 متر\n سعر المتر 25000 ألف قابل لتفاوظ', '2018-07-22', 1, 0, '', 0, 0),
(1242, '1', 2, 'تجاري', 'داخل', 2500, 4, '4 أدوار', 4, '8 شقق وما فوق', 20, '', '', 4, 'الربوة', 0, '', 50000000, 3000000, 0, 6, 'غير معروف', '0590728855', 0, 0, 'عمارة بالربوة مؤجره على دائرة حكومية مساحتها 2500م اربع واجهات ايجارها السنوي 3000.000\n العقد سنوي المطلوب 50 مليون', '2018-07-22', 1, 0, '', 0, 0),
(1239, '1', 1, 'تجاري', 'داخل', 1400, 0, '4 أدوار', 0, 'شقة واحدة', 0, '', '', 8, 'قربان', 0, '', 18000000, 0, 0, 1, 'غير معروف', '0505301969', 0, 0, 'ارض على قربان النازل وشارع من الجنوب12 والمساحه  1400متر بـ18مليون قابل لتفاوظ', '2018-07-22', 1, 0, '', 0, 0),
(1238, '1', 3, 'تجاري', 'داخل', 1330, 0, '4 أدوار', 8, '8 شقق وما فوق', 0, '', '', 4, 'الحره الشرقية', 0, '', 55000000, 1700000, 0, 3, 'غير معروف', '0505399995', 0, 0, 'طلبت فندق خارج المركزية .. عندي واحد جاهز في طريق الملك عبدالعزيز .. ١٠٥ وحده سكنية\n مؤجر بمليون وسبعمائة \n الحد ٥٥ مليون', '2018-07-22', 1, 0, '', 0, 0),
(1237, '1', 3, 'تجاري', 'داخل', 1240, 0, '4 أدوار', 5, '8 شقق وما فوق', 3, '', '', 4, 'السحمان', 0, '', 40000000, 2000000, 0, 6, 'غير معروف', '0598773969', 0, 0, 'المساحه١٢٤٠م خمسه ادوار زايد بدروم عدد الغرف ٨٢ غرفه  كل غرفه بحمام المصاعد ٢ زايد ٣ محلات  الدخل ٢ مليون الطلوب ٤٠ مليون التصريح٤٣٠ حاج', '2018-07-22', 1, 0, '', 0, 0),
(1236, '1', 3, 'تجاري', 'داخل', 404, 0, '4 أدوار', 4, '8 شقق وما فوق', 4, '', '', 4, 'الاعمدة', 0, '', 20000000, 1000000, 0, 6, 'غير معروف', '0559283583', 0, 0, 'فندق وبيت شعبي المساحه 404م على شارع الستين بجوار الحرم الدخل مليون والمطلوب 20مليون', '2018-07-22', 1, 0, '', 0, 0),
(1235, '1', 1, 'سكني', 'داخل', 1430, 0, '4 أدوار', 0, 'شقة واحدة', 0, '', '', 4, 'السليمانية', 0, '', 3800000, 0, 0, 1, 'غير معروف', '0590008545', 0, 0, 'ارض سكنية بالسليمانية منطقة اربع ادوار مقابل الراشد مول مساحه 1430م ثلاث واجهات شوارع 12 متر بـ3مليون و800 قابل لتفاوظ', '2018-07-22', 1, 0, '', 0, 0),
(1234, '1', 1, 'سكني', 'داخل', 569, 0, '4 أدوار', 0, 'شقة واحدة', 0, '', '', 6, 'القثمي', 0, '', 850000, 0, 0, 1, 'غير معروف', '0556316887', 0, 0, 'ارض للبيع بمخطط القثمي مخطط م / م / 949 / 1430 الواقع في حي شظاه خلف الراشد مول رقم القطعه 9 علي شارع 12غربي  المساحه 548.51 م بموجب الصك وقرار الذرعه وعليها زوائد تنظيميه 20 م تصبح المساحه 568.51 م \n البناء علي ثلاثة ادوار وملحق\n المطلوب 850 الف قابل للتفاوض', '2018-07-22', 1, 0, '', 0, 0),
(1233, '2', 2, 'سكني', 'خارجي', 0, 0, 'دورين', 0, 'شقة واحدة', 0, '', '', 4, 'اي موقع بالمدينة', 0, '', 45000000, 0, 0, 7, 'غير معروف', '0546462746', 0, 0, 'مطلوب سوق تجاري او اي مشروع الدخل لايقل عن 2 مليون المشتري وقف حدود 45 مليون', '2018-07-22', 1, 0, '', 0, 0),
(1232, '2', 4, 'سكني', 'خارجي', 0, 0, 'دورين', 0, 'شقة واحدة', 0, '', '', 3, 'اي', 0, '', 900000, 0, 0, 1, 'غير معروف', '0550390077', 0, 0, 'زبون مباشر يرغب بشراء فيلا اميريكي بالعزيزية بحدود 900.000', '2018-07-22', 1, 0, '', 0, 0),
(1231, '1', 1, 'سكني', 'داخل', 800, 0, 'دورين', 0, 'شقة واحدة', 0, '', '', 2, 'شوران هـ', 0, '', 500000, 0, 0, 6, 'غير معروف', '0550371610', 0, 0, 'ارض في شوران هــ 800م موقف جنوبي بسعر 500.000', '2018-07-22', 1, 0, '', 0, 0),
(1230, '2', 4, 'سكني', 'خارجي', 0, 0, 'دورين', 0, 'شقة واحدة', 0, '', '', 3, 'لا يوجد', 0, '', 600000, 0, 0, 1, 'غير معروف', '0599177040', 0, 0, 'زبون مباشر يرغب بشراء فيلا امريكي بالعزيزية بحدود 600.000 عن طريق البنك', '2018-07-22', 1, 0, '', 0, 0),
(1229, '2', 2, 'سكني', 'خارجي', 0, 0, 'دورين', 2, '4 - 7 شقق', 5, '', '', 6, 'الملك فهد', 0, '', 1600000, 0, 0, 1, 'غير معروف', '0598459355', 0, 0, 'زبون مباشر يرغب بشراء عماره 5شقق بالملك فهد وماحوله بحدود مليون و600 عن طريق البنك', '2018-07-22', 1, 0, '', 0, 0),
(1228, '1', 2, 'سكني', 'خارج', 625, 0, 'دورين', 2, '4 - 7 شقق', 5, '', '', 10, 'ها2', 0, '', 1250000, 0, 0, 6, 'غير معروف', '0507278929', 0, 0, 'موجود في الحمراء  5 شقق\n من 5 غرف\n جديدة\n ها2\n في الحمراء\n علي موقف شمالي\n  625متر\n مليون 250الف', '2018-07-22', 1, 0, '', 0, 0),
(1227, '1', 2, 'سكني', 'خارج', 600, 0, 'دورين', 2, '4 - 7 شقق', 5, '', '', 10, 'ها2', 0, '', 1100000, 0, 0, 6, 'غير معروف', '0553311239', 0, 0, 'عمارة بالحمراء ها2 المساحه 600 ع مواقف جنوبي خمسه شقق كل شقه 4 غرف المطلوب مليون 100', '2018-07-22', 1, 0, '', 0, 0),
(1226, '1', 2, 'تجاري', 'خارج', 1500, 3, 'دورين', 0, '4 - 7 شقق', 0, '', '', 6, 'الملك فهد', 0, '', 5000000, 375000, 0, 1, 'غير معروف', '0590728855', 0, 0, 'عمارة تجارية بالملك فهد مؤجرة مدرسه خاصه بعقد 10سنوات ايجار السنه الواحدة 375000 ريال باقي 8 سنوات مساحه 1500م السعر 5مليون', '2018-07-22', 1, 0, '', 0, 0),
(1223, '2', 4, 'سكني', 'خارج', 0, 0, 'دورين', 0, 'شقة واحدة', 0, '', '', 3, 'اي', 0, '', 900000, 0, 0, 1, 'غير معروف', '0555224369', 0, 0, 'زبون مباشر يرغب بشراء فيلا امريكي بالعزيزية بحدود 900.000', '2018-07-22', 1, 0, '', 0, 0),
(1222, '2', 4, 'سكني', 'خارج', 0, 0, 'دورين', 0, 'شقة واحدة', 0, '', '', 3, 'اي', 0, '', 900000, 0, 0, 1, 'غير معروف', '0560368484', 0, 0, 'زبون مباشر يرغب بشراء فيلا امريكي بالعزيزية عن طريق البنك بحدود 900.000', '2018-07-22', 1, 0, '', 0, 0),
(1221, '1', 2, 'سكني', 'خارج', 575, 0, 'دورين', 2, '4 - 7 شقق', 5, '', '', 10, 'الحمراء ج', 0, '', 1200000, 0, 0, 1, 'غير معروف', '0505317718', 0, 0, 'عمارة  5 شقق في الحمراء ج  قريبه شارع 64   بمليون 200  جديده شغل شخصي للسكن', '2018-07-22', 1, 0, '', 0, 0),
(1219, '2', 2, 'سكني', 'خارجي', 0, 0, 'دورين', 0, '4 - 7 شقق', 5, '', '', 2, 'بالهجره او الحمراء', 0, '', 1200000, 0, 0, 1, 'غير معروف', '0554094555', 0, 0, 'زبون مباشر يرغب بشراء عمارة 5شقق بالحمراء او بالهجره بحيث لا يتجاوز سعرها مليون و200 وكل ماقل السعر زادت رغبه الشراء والشراء عن طريق البنك', '2018-07-22', 1, 0, '', 0, 0),
(1218, '1', 1, 'سكني', 'خارج', 660, 0, 'دورين', 0, 'شقة واحدة', 0, '', '', 6, 'الملك فهد', 0, '', 750000, 0, 0, 1, 'غير معروف', '0590728855', 0, 0, 'ارض سكنيه بالملك فهد ثلاث واجهات مساحه 660م بـ750.000 قابل لتفاوظ', '2018-07-22', 1, 0, '', 0, 0),
(1216, '2', 2, 'سكني', 'خارجي', 0, 0, 'دورين', 0, 'شقة واحدة', 0, '', '', 3, 'لا يوجد', 0, '', 1300000, 0, 0, 1, 'غير معروف', '0544661185', 0, 0, 'عمارة 3شقق يفضل الجديد او قريبة الجديد حدود مليون و100 الشراء بنك اي مكان بالمدينة', '2018-07-22', 1, 0, '', 0, 0),
(1214, '2', 2, 'سكني', 'خارجي', 0, 0, 'دورين', 0, 'شقة واحدة', 0, '', '', 2, 'اي', 0, '', 1300000, 0, 0, 1, 'غير معروف', '0554059600', 0, 0, 'زبون مباشر يرغب بشراء عمارة نظام شقق في احياء الهجرة عموما حدود مليون و300', '2018-07-22', 1, 0, '', 0, 0),
(1213, '2', 2, 'سكني', 'خارجي', 0, 0, 'دورين', 0, 'شقة واحدة', 0, '', '', 3, 'لا يوجد', 0, '', 1000000, 0, 0, 1, 'غير معروف', '0540272728', 0, 0, 'زبون مباشر يرغب بشراء عقار تجاري ويفضل ذووو دخل جيد بحدود مليون كاش', '2018-07-22', 1, 0, '', 0, 0),
(1212, '2', 2, 'سكني', 'خارجي', 0, 0, 'دورين', 0, 'شقتين او ثلاثة', 0, '', '', 3, 'لا يوجد', 0, '', 700000, 0, 0, 1, 'غير معروف', '0593504450', 0, 0, 'زبون مباشر يرغب بشراء عماره دور عن طريق البنك حدود 700.000 عن طريق البنك', '2018-07-22', 1, 0, '', 0, 0),
(1211, '2', 1, 'سكني', 'داخل', 0, 0, 'دورين', 0, 'شقة واحدة', 0, '', '', 2, 'شوران ها د', 0, '', 550000, 0, 0, 1, 'غير معروف', '0548281989', 0, 0, 'زبون مباشر يرغب بشراء قطعه ارض سكنيه بشوران ها د', '2018-07-22', 1, 0, '', 0, 0),
(1210, '2', 8, 'سكني', 'خارجي', 0, 0, 'دورين', 0, 'شقة واحدة', 0, '', '', 2, 'اي مخطط', 0, '', 550000, 0, 0, 1, 'غير معروف', '0539068890', 0, 0, 'زبرن مباشر يرغب بشراء شقة تمليك جهه الرانونا حدود 500.000', '2018-07-22', 1, 0, '', 0, 0),
(1209, '2', 6, 'سكني', 'خارجي', 0, 0, 'دورين', 0, 'شقة واحدة', 0, '', '', 6, 'الدويخله', 0, '', 400000, 0, 0, 1, 'غير معروف', '0509065903', 0, 0, 'زبون ظالب بيت شعبي بالدويخله بحدود 400.000', '2018-07-22', 1, 0, '', 0, 0),
(1208, '1', 1, 'سكني', 'خارجي', 0, 0, 'دورين', 0, 'شقة واحدة', 0, '', '', 6, 'الملك فهد', 0, '', 600000, 0, 0, 1, 'غير معروف', '0555147298', 0, 0, 'رقم 1964 مساحه 625م شارع 24 بـ650 قابل \n رقم مساحه 650م شارعين بـ720 رقمها ؟\n رقم 10 مساحه 907م شارع 24 غربي بـ800.000', '2018-07-22', 1, 0, '', 0, 0),
(1207, '1', 2, 'سكني', 'داخل', 625, 5, 'دورين', 2, '4 - 7 شقق', 5, '', '', 6, 'الملك فهد', 0, '', 1700000, 0, 0, 1, 'غير معروف', '0590728855', 0, 0, 'عماره 5 شقق من 5 غرف وصاله بالملك فهد داخل الحد مساحه 625م شارع 24 غربي بمليون و700', '2018-07-22', 1, 0, '', 0, 0),
(1206, '1', 8, 'سكني', 'خارج', 134, 0, 'دورين', 0, 'شقة واحدة', 0, '', '', 2, 'التلال', 0, '', 450000, 0, 0, 1, 'غير معروف', '0505301969', 0, 0, 'شقة تمليك 5غرف ومنافعها بالتلال الشرقي خارج الحد  مساحه 134م بسعر 450.000 قابل لتفاوظ', '2018-07-22', 1, 0, '', 0, 0),
(1205, '1', 1, 'سكني', 'داخل', 460, 0, 'دورين', 0, 'شقة واحدة', 0, '', '', 2, 'جوهرة العالية', 0, '', 500000, 0, 0, 6, 'غير معروف', '0592003005', 0, 0, 'قطعة في جوهرة العالية 460 متر \n بي 500 الف', '2018-07-22', 1, 0, '', 0, 0),
(1201, '2', 4, 'سكني', 'خارجي', 0, 0, 'دورين', 0, 'شقة واحدة', 0, '', '', 2, 'الرانوناء', 0, '', 1200000, 0, 0, 1, 'غير معروف', '0501196528', 0, 0, 'وسيط لديه طلب فيلا امريكي شوران الرانوناء او البدراني حدود مليون و200', '2018-07-22', 1, 0, '', 0, 0),
(1200, '2', 4, 'سكني', 'داخل', 0, 0, 'دورين', 0, 'شقة واحدة', 0, '', '', 1, 'الشريف', 0, '', 1150000, 0, 0, 6, 'غير معروف', '0561919088', 0, 0, 'فيلا امريكي بمخطط الشريف بالبدراني 300م بسعر مليون و150', '2018-07-22', 1, 0, '', 0, 0),
(1198, '2', 4, 'سكني', 'داخل', 0, 0, 'دورين', 0, 'شقة واحدة', 0, '', '', 1, 'البدراني', 0, '', 1000000, 0, 0, 1, 'غير معروف', '0568233556', 0, 0, 'وسيط مباشر لديه زبون طالب فيلا امريكي بالبدراني وماحوله ويفضل التي سكنت قبل العسر حدوود مليون كاااش', '2018-07-22', 1, 0, '', 0, 0),
(1197, '2', 1, 'سكني', 'داخل', 0, 0, 'دورين', 0, 'شقة واحدة', 0, '', '', 2, 'هـ د أ', 0, '', 500000, 0, 0, 6, 'غير معروف', '0597401744', 0, 0, 'زبون طالب ارض بشوران هــ - د - أ مساحه حدود 800م الى 1100م بسعر السوق', '2018-07-22', 1, 0, '', 0, 0),
(1196, '1', 2, 'تجاري', 'داخل', 600, 0, 'دورين', 1, 'شقة واحدة', 0, '', '', 1, 'البدراني', 0, '', 2800000, 0, 0, 2, 'غير معروف', '0504352630', 0, 0, 'عماره تجاريه بالبدراني\n ٦٠٠م\n بدروم\n دور واحد \n ٤ محلات\n مطلوب ٢ مليون و ٨٠٠\n موقع مميز', '2018-07-22', 1, 0, '', 0, 0),
(1193, '2', 1, 'سكني', 'داخل', 0, 0, 'دورين', 0, 'شقة واحدة', 0, '', '', 2, 'اي مخطط داخل الحد', 0, '', 700000, 0, 0, 1, 'غير معروف', '0547358000', 0, 0, 'زبون يبحث عن قطعه ارض داخل الحد تقبل الفرز بشوران او الرانوناء', '2018-07-22', 1, 0, '', 0, 0),
(1192, '1', 1, 'سكني', 'خارج', 653, 0, 'دورين', 0, 'شقة واحدة', 0, '', '', 6, 'العوينة', 0, '', 160000, 0, 0, 1, 'غير معروف', '0555357292', 0, 0, 'للبيع أرض سكنيه بمخطط العوينه شارعين ✨\n \n شارع 24 م غربي \n \n وشارع 14 م شمالي \n \n المساحة 653 م \n \n المطلوب 160 الف صافي .', '2018-07-22', 1, 0, '', 0, 0),
(1191, '1', 1, 'تجاري', 'خارج', 636, 0, 'دورين', 0, 'شقة واحدة', 0, '', '', 6, 'الشرق أ', 0, '', 2000000, 0, 0, 6, 'غير معروف', '0551914031', 0, 0, 'للبيع ارض  على الملك سلمان شرق تجاريه 636 م  وشارع 30 شمال\n ب 2 مليون', '2018-07-22', 1, 0, '', 0, 0),
(1190, '1', 1, 'سكني', 'خارج', 372, 0, 'دورين', 0, 'شقة واحدة', 0, '', '', 2, 'عالية الرانوناء', 0, '', 260000, 0, 0, 6, 'غير معروف', '0538409987', 0, 0, 'للبيع ارض في مخطط الرنوناء خارج الحد المساحه372  \n شارع غربي 16  بطول 13م\n المطلوب 260 الف', '2018-07-22', 1, 0, '', 0, 0),
(1189, '1', 1, 'سكني', 'داخل', 797, 0, 'دورين', 0, 'شقة واحدة', 0, '', '', 2, 'الرانوناء', 0, '', 800000, 0, 0, 6, 'غير معروف', '0538409987', 0, 0, 'للبيع ارض في مخطط الرانوناء المساحه 797 \n شمالي مشاه 6م\n وشرق مشاه6م\n وغرب شارع 18 م \n جنوب قطعه داخل الحد \n المطلوب 800 الف', '2018-07-22', 1, 0, '', 0, 0),
(1188, '2', 1, 'سكني', 'داخل', 0, 0, 'دورين', 0, 'شقة واحدة', 0, '', '', 6, 'لا يوجد', 0, '', 700000, 0, 0, 1, 'غير معروف', '0503585479', 0, 0, 'زبون يبحث عن ارض قرببة من الخدمات ومسجد ويفضل تكون في الاحياء  شرق المدينة', '2018-07-22', 1, 0, '', 0, 0),
(1187, '1', 2, 'سكني', 'داخل', 625, 0, 'دورين', 2, '4 - 7 شقق', 0, '', '', 1, 'الشفاء', 0, '', 2000000, 0, 0, 1, 'غير معروف', '0547289220', 0, 0, 'عمارة في الشفاء\n فيلا و3 شقق\n الفيلا  8 غرف ومجلس خارجي و5 دورات مياه.\n الشقق كل شقة 4 غرف و 2 مياه\n المساحة 625م\n الحد 2000000ريال', '2018-07-22', 1, 0, '', 0, 0),
(1186, '1', 2, 'سكني', 'خارج', 600, 0, 'دورين', 2, '4 - 7 شقق', 5, '', '', 3, 'السلام', 0, '', 1800000, 0, 0, 6, 'غير معروف', '0538409987', 0, 0, 'عمارة جديدة بمخطط السلام بالمدينة المنورة \n تتكون من :\n \n ٥ شقق { جديدة }\n \n العمارة على شارعين ١٨ و١٨ \n \n الواجهات شمال وغرب \n \n الواجهتين  رخام \n \n مساحة الارض ٦٠٠ م\n \n الحي : حي السلام \n \n تتكون الشقق من :\n \n اربع غرف +مطبخ + صاله + ٣ دورات مياة \n \n كل شقه لها مدخلين لرجال والنساء \n \n كل شقه لها خزان ماء مستقل وعداد خاص بها \n \n الملحق شقه كامله + سطح مفصول لحاله \n \n ا\n كما ان ادوات السباكة والكهرب من اجود وافضل الانواع \n  وكما نقدم لزبون ضمانن لمدة { 50 عاماً لأدوات السباكة }\n ونقدم { 25 عاماًً لأسلاك الكهرب } \n السعر : ١.٨٠٠.٠٠٠ مليون وثمانمئة ﷼', '2018-07-22', 1, 0, '', 0, 0),
(1185, '2', 1, 'سكني', 'خارجي', 0, 0, 'دورين', 0, 'شقة واحدة', 0, '', '', 6, 'العاقول او العوينة', 0, '', 300000, 0, 0, 1, 'غير معروف', '0555341959', 0, 0, 'وسيط مباشر طالب قطعتين متجاورة بالعاقول او العوينة مساحه القطعه حدود 600م بسع رالسوق', '2018-07-22', 1, 0, '', 0, 0),
(1184, '1', 1, 'سكني', 'داخل', 800, 0, 'دورين', 0, 'شقة واحدة', 0, '', '', 2, 'شوران أ', 0, '', 450000, 0, 0, 6, 'غير معروف', '0543363978', 0, 0, 'ارض بشوران الف للبيع مساحتها 800م موقف جنوبي المطلوب 450 الف', '2018-07-22', 1, 0, '', 0, 0),
(1178, '1', 2, 'تجاري', 'داخل', 840, 15, '4 أدوار', 0, '8 شقق وما فوق', 0, '', '', 7, 'لا يوجد', 0, '', 9000000, 0, 0, 2, 'غير معروف', '0555430363', 0, 0, 'عمارة 840 م علي شارع جبار بن صخر  اربعة واجهات تجاري مكونة من 8 شقق وملحق وغرفتين سفلية وعلوية      مطلوب  9 مليون', '2018-07-22', 1, 0, '', 0, 0),
(1177, '2', 2, 'سكني', 'داخل', 0, 0, 'دورين', 0, 'شقة واحدة', 0, '', '', 7, 'لا يوجد', 0, '', 1000000, 0, 0, 1, 'غير معروف', '0555430363', 0, 0, 'زبون يرغب بشراء عمارة نظيفة بالخالدية بحدود مليون', '2018-07-22', 1, 0, '', 0, 0),
(1176, '1', 2, 'سكني', 'داخل', 0, 0, '4 أدوار', 0, '8 شقق وما فوق', 8, '', '', 8, 'المستراح', 0, '', 8000000, 0, 0, 6, 'غير معروف', '0598773969', 0, 0, 'عمارة بالمستراح 4 ادوار وملحق وبدرم مساحه 655م 8 شقق من 5غر وصاله ومطبخ و3دورات مياة + ملحق شقتين شقة 3غرف وشقة غرف وصاله ومطبخ والبدروم لكل شقة من الشقق لها غرفه سائق ومبطخ وحمام في البدروم تكييف + غاز مركززي ومطابخ العمر سنتين واجهتين الدخل 320.000 المطلوب 8 مليون نهائي', '2018-07-22', 1, 0, '', 0, 0),
(1175, '2', 4, 'سكني', 'داخل', 0, 0, 'دورين', 0, 'شقة واحدة', 0, '', '', 1, 'البدراني وماحوله او جهه الممشى', 0, '', 1400000, 0, 0, 1, 'غير معروف', '0580155055', 0, 0, 'زبون يرغب بشراء فيلا امريكي حول البدراني او الممشى او الهجرة السعر مليون و400 عن طريق البنك', '2018-07-22', 1, 0, '', 0, 0),
(1173, '1', 1, 'سكني', 'خارج', 673, 0, 'دورين', 0, 'شقة واحدة', 0, '', '', 10, 'الحمراء ها3', 0, '', 220000, 0, 0, 1, 'غير معروف', '0502399352', 0, 0, 'الحمراء ها 3 رقم 673 شارعين السعر 220.000', '2018-07-22', 1, 0, '', 0, 0),
(1172, '2', 4, 'سكني', 'خارج', 0, 0, 'دورين', 2, 'شقة واحدة', 0, '', '', 2, 'لا يوجد', 0, '', 800000, 0, 0, 1, 'غير معروف', '0565844144', 0, 0, 'مطلوب فيلا دوبلكس بحوش منفصل', '2018-07-22', 1, 0, '', 0, 0),
(1171, '1', 2, 'سكني', 'داخل', 350, 12, '4 أدوار', 5, '4 - 7 شقق', 5, '', '', 8, 'العامر قباء', 0, '', 2600000, 0, 0, 1, 'غير معروف', '0506315531', 0, 0, '♦للبيع عمارة 5 أدوار\n  مكونه من 5شقق\n \n ♦الموقع :  *قباء*\n قريب سوق الكعكي مخطط العامر\n  يبعد الحرم عن العماره 10 دقائق مشيا على الأقدام', '2018-07-22', 1, 0, '', 0, 0),
(1170, '2', 2, 'سكني', 'داخل', 0, 0, 'دورين', 0, '4 - 7 شقق', 0, '', '', 2, 'لا يوجد', 0, '', 2000000, 0, 0, 1, 'غير معروف', '0545882433', 0, 0, 'زبون مباشر يرغب بشراء عمارة خمس شقق جهه الرانونا عن طريق البنك حدود 2مليون', '2018-07-22', 1, 0, '', 0, 0),
(1169, '2', 4, 'سكني', 'خارجي', 0, 0, 'دورين', 0, 'شقة واحدة', 0, '', '', 2, 'لا يوجد', 0, '', 900000, 0, 0, 1, 'غير معروف', '0565844144', 0, 0, 'زبون طالب فيلا امريكي', '2018-07-22', 1, 0, '', 0, 0),
(1168, '2', 4, 'سكني', 'خارجي', 0, 0, 'دورين', 0, 'شقة واحدة', 0, '', '', 2, 'لا يوجد', 0, '', 1200000, 0, 0, 1, 'غير معروف', '0502136998', 0, 0, 'زبون مباشر طالب فيلا امريكي حدود مليون و200', '2018-07-22', 1, 0, '', 0, 0),
(1167, '2', 1, 'تجاري', 'خارجي', 0, 0, 'دورين', 0, 'شقة واحدة', 0, '', '', 6, 'الخالديه او باقدوا', 0, '', 1500000, 0, 0, 1, 'غير معروف', '0555605843', 0, 0, 'زبون مباشر يرغب بشراء ارض تجاريه بالخالديه او باقدوا وماحولهم على شارع حيوي', '2018-07-22', 1, 0, '', 0, 0),
(1166, '1', 1, 'سكني', 'خارج', 617, 0, 'دورين', 0, 'شقة واحدة', 0, '', '', 6, 'الشروق خلف البيك', 0, '', 925000, 0, 0, 2, 'غير معروف', '0505306307', 0, 0, 'ارض في مخطط الشروق مساحتها 617.05 خلف فندق الياس اللي على طريق المطار الجديد مفرزة على قطعتين بصكين\n الاولى 275 على شارع 20\n والثانية 342.05 على شارع20و16 يمكن دمج القطعتين السعر للقطعتين ٩٢٥٠٠٠ ريال', '2018-07-22', 1, 0, '', 0, 0),
(1164, '2', 4, 'سكني', 'داخل', 0, 0, 'دورين', 0, 'شقة واحدة', 0, '', '', 2, 'الهجرة عموما', 0, '', 1300000, 0, 0, 1, 'غير معروف', '0591117050', 0, 0, 'طالب فيلا بحوش وتكون مستقلة ليست بمجموعه وخدمات حدود السعر  حدود مليون و200', '2018-07-22', 1, 0, '', 0, 0),
(1163, '1', 8, 'سكني', 'داخل', 198, 0, 'دورين', 0, 'شقة واحدة', 0, '', '', 6, 'الملك فهد', 0, '', 620000, 0, 0, 3, 'غير معروف', '0561331408', 0, 0, 'للبيع شقق تمليك جديدة تشطيب فاخر \n  الموقع: مخطط الملك فهد\n \n موقعها جداً ممتاز \n ---------------\n المـمـيـزات:\n 1) أبواب تركية حديثة على الضمان.\n 2) السباكة والكهرباء من اجواد الانواع على الضمان.\n 3) اسقف جبسية عصرية حديثة.\n 4) الجدران والارضيات والاسقف عزل عن الاصوات والماء والحرارة.\n 5) النوافذ تركية دبل جلاس ضد الحرارة والاصوات.\n 6) كل شقة لها خزان أرضي وعلوي مستقل بها.\n 7)  ضمان  على جميع الاعمال والتشطيب والتركيب من أي خلل.\n 8) واجهة العمارة تصميم معماري حديث مميز جداً.\n 9) جميع الخدمات واصله للمخطط.\n 10) دورات المياة نظام فنادق داكت ضد الاتربة.\n -----------------------\n الدور الارضي شقتين تتكون الشقة من :\n 5 غرف وصالة ومطبخ وثلاث دورات مياة وغرفة غسيل وغرفة خادمة + حوش مدخل مستقل + مدخل رجال ومدخل نساء\n مساحة الشقة الوحده198 م\n \n سعر الشقة الوحدة 620 الف   ----------------------\n الدور الاول شقتين تتكون الشقة من :\n 5 غرف وصالة ومطبخ وثلاث دورات مياة وغرفة غسيل وغرفة خادمة + مدخل رجال ومدخل نساء.\n مساحة الشقة الوحدة 198 م\n \n سعر الشقة الوحدة620 الف صافي.', '2018-07-22', 1, 0, '', 0, 0),
(1162, '2', 1, 'سكني', 'داخل', 0, 0, 'دورين', 0, 'شقة واحدة', 0, '', '', 2, 'الرانوناء او شوران', 0, '', 600000, 0, 0, 6, 'غير معروف', '0553311239', 0, 0, 'مطلوب قطعه مفرزة بروضه الرانوناء بسعر السوق\n ومطلوب قطعه سكنية مساحه حدود 400م او 450م  بالنخيل او المحمدية او مقدمه شوران بسعر السوق', '2018-07-22', 1, 0, '', 0, 0),
(1160, '1', 1, 'سكني', 'داخل', 1066, 0, 'دورين', 0, 'شقة واحدة', 0, '', '', 1, 'البدراني', 0, '', 1400000, 0, 0, 6, 'غير معروف', '0592003005', 0, 0, 'فرصة ....\n للبيع قطعتين بالبدراني \n الواجهة شرقية \n قريبه من الدائري وخط القصيم\n مساحة كل قطعة\n 533 متر\n الإجمالي 1066 متر\n مبني عليها حوش + فيلا قديمة شبه عظم \n المطلوب مليون ونص \n سعر المتر 1400 ريال', '2018-07-22', 1, 0, '', 0, 0),
(1158, '2', 4, 'سكني', 'خارجي', 0, 0, 'دورين', 0, 'شقة واحدة', 0, '', '', 2, 'اي مخطط', 0, '', 1200000, 0, 0, 1, 'غير معروف', '0569959029', 0, 0, 'زبون مباشر يرغب بشراء فيلا امريكي جهه الهجرة حدود الشراء مليون 100 عن طريق البنك', '2018-07-22', 1, 0, '', 0, 0),
(1157, '2', 4, 'سكني', 'خارجي', 0, 0, 'دورين', 0, 'شقة واحدة', 0, '', '', 1, 'اي مخطط بالهجرة', 0, '', 1200000, 0, 0, 1, 'غير معروف', '0542224419', 0, 0, 'زبون مباشر يرغب بشراء فيلا امريكي بالجره عموما حدود الشراء مليون و200', '2018-07-22', 1, 0, '', 0, 0),
(1156, '2', 1, 'سكني', 'داخل', 0, 0, 'دورين', 0, 'شقة واحدة', 0, '', '', 1, 'البدراني وماحوله', 0, '', 1300000, 0, 0, 1, 'غير معروف', '0561020409', 0, 0, 'وسيط مباشر لديه زبون طالب ارض او ارضين متجاوره المساحه  ١٢٠٠ م في مخطط المحمديه او البدراني او الفيصل \n ( سكنيه)', '2018-07-22', 1, 0, '', 0, 0),
(1154, '1', 8, 'سكني', 'خارج', 0, 0, 'دورين', 0, 'شقة واحدة', 0, '', '', 6, 'الملك فهد', 0, '', 530000, 0, 0, 2, 'غير معروف', '0546661146', 0, 0, 'شقة تمليك بالملك فهد عباره عن ملحق خمس غرف مساحه ١٨٨ السعر ٥٣٠ الف .', '2018-07-22', 1, 0, '', 0, 0),
(1153, '1', 8, 'سكني', 'خارج', 0, 0, 'دورين', 0, 'شقة واحدة', 0, '', '', 6, 'لا يوجد', 0, '', 530000, 0, 0, 2, 'غير معروف', '0546661146', 0, 0, 'شقه تمليك بالملك فهد  دور اول خمس غرف مساحه ١٩٢ السعر ٥٣٠ الف .', '2018-07-22', 1, 0, '', 0, 0),
(1152, '1', 8, 'سكني', 'خارج', 0, 0, 'دورين', 0, 'شقة واحدة', 0, '', '', 6, 'الملك فهد', 0, '', 500000, 0, 0, 2, 'غير معروف', '0546661146', 0, 0, 'شقه دور ارضي اربع غرف مساحه ١٧٠ السعر ٥٠٠ الف .وفيه خمس غرف بالدور الاول 530000 قابل للتفاوض', '2018-07-22', 1, 0, '', 0, 0),
(1149, '2', 2, 'سكني', 'خارج', 0, 0, 'دورين', 1, 'شقتين او ثلاثة', 0, '', '', 3, 'اي', 0, '', 1000000, 0, 0, 1, 'غير معروف', '0566692945', 0, 0, 'زبون مباشر يرغب بشراء عمارة دور شقتين في مخططات العزيزية والدعيثة عموما عن طريق البنك حدود مليون', '2018-07-22', 1, 0, '', 0, 0),
(1148, '1', 2, 'سكني', 'داخل', 745, 6, 'دورين', 2, '4 - 7 شقق', 5, '', '', 1, 'البدراني', 0, '', 2000000, 0, 0, 6, 'غير معروف', '0555325138', 0, 0, 'عمارة للبيع في البدراني 5 شقق من 5 غرف ومتافعها مساحة 745م عمرها 6سنوات مؤجره بال105الآف السعر 2 مليون قابل لتفاوظ', '2018-07-22', 1, 0, '', 0, 0),
(1145, '1', 1, 'سكني', 'خارج', 312, 0, 'دورين', 0, 'شقة واحدة', 0, '', '', 3, 'ت8', 0, '', 160000, 0, 0, 1, 'غير معروف', '0500101501', 0, 0, 'فيه أرض جوار   ت8 \n مساحتها 312\n شارع 16 غربي السعر 160.000', '2018-07-22', 1, 0, '', 0, 0),
(1144, '1', 2, 'سكني', 'داخل', 660, 0, 'دورين', 2, '4 - 7 شقق', 4, '', '', 2, 'الزين منصور', 0, '', 1700000, 0, 0, 6, 'غير معروف', '0553311239', 0, 0, 'عمارة في الزين منصور مساحة 660 متر جديدة تتكون من شقة نظام فلة الدور الارضي مع مسبح ومجلس خارجي والدور الاول والثاني 3 شقق من 4 غرف للتكييف جاهز الواجهه رخام', '2018-07-22', 1, 0, '', 0, 0);
INSERT INTO `real_easte` (`id`, `request_type`, `type`, `category`, `yard`, `space`, `age`, `floor_cat`, `number_of_floor`, `apartment_cat`, `apartment_number_store`, `estate_numebr`, `street`, `neighborhood`, `planned`, `street_width`, `elevator`, `price`, `income`, `percent`, `customer_type`, `customer_name`, `customer_phone`, `x`, `y`, `note`, `add_time`, `add_by`, `add_by_aqar`, `aqar_url`, `whatsapp_sent`, `comments`) VALUES
(1143, '2', 8, 'سكني', 'داخل', 0, 0, '4 أدوار', 0, 'شقة واحدة', 0, '', '', 4, 'الربوة او السليمانية', 0, '', 700000, 0, 0, 1, 'غير معروف', '0544720810', 0, 0, 'مطلوب شقه تمليك بالربوة او السليمانية 6 غرف وصاله وغرفه شغاله حدود 700.000 فما دون', '2018-07-22', 1, 0, '', 0, 0),
(1142, '1', 2, 'سكني', 'داخل', 330, 0, 'دورين', 0, 'شقة واحدة', 0, '', '', 8, 'لا يوجد', 0, '', 2200000, 0, 0, 1, 'غير معروف', '0598773969', 0, 0, 'عماره اربع ادوار م كل دور شقه من اربع غرف وصاله ومنافعها \n مساحه 330م\n العمر اكثر من عشرين سنه\n مطلوب 2 مليون و200 الف صافي\n \n الموقع حرة النصر الجديد بجوار المسجد مباشره', '2018-07-22', 1, 0, '', 0, 0),
(1140, '2', 2, 'سكني', 'داخل', 0, 0, 'دورين', 0, '4 - 7 شقق', 5, '', '', 2, 'شوران د هـ', 0, '', 1300000, 0, 0, 1, 'غير معروف', '0500600961', 0, 0, 'زبون خمس شقق بشوران د هــ الرانوناء والشيبيه فقط داخل الحد', '2018-07-22', 1, 0, '', 0, 0),
(1139, '1', 1, 'سكني', 'خارجي', 0, 0, 'دورين', 0, 'شقة واحدة', 0, '', '', 4, 'لا يوجد', 0, '', 0, 0, 0, 2, 'غير معروف', '0', 0, 0, 'مزرعة ضعه مقابل الامارة  مساحتها 24 الف وفيها 150 عجوة مثمرة رقم واحد وفيها 200 نخل متنوع سكري وامريكي برني العيس  وصقعي وفيها فيلا من 3 غرف ومنافع  مسلح ومطعم مؤجر ب 30 الف في السنة  علي السوم', '2018-07-22', 1, 0, '', 0, 0),
(1138, '1', 2, 'تجاري', 'داخل', 870, 7, 'دورين', 0, '4 - 7 شقق', 6, '', '', 6, 'لا يوجد', 0, '', 6000000, 0, 0, 2, 'غير معروف', '0555309116', 0, 0, 'عمارة تجارية مساحتها 870 من 6 شقق و 6 محلات  وفيها برج اتصالات حديد دخلها 230 الف عمرها 7 سنوات في باقدو  مطلوب فيها 6 مليون قابل للتفاوض', '2018-07-22', 1, 0, '', 0, 0),
(1137, '1', 1, 'سكني', 'داخل', 572, 0, 'دورين', 0, 'شقة واحدة', 0, '', '', 1, 'الفيصل', 0, '', 800000, 0, 0, 1, 'غير معروف', '0560006011', 0, 0, 'للبيع ارض في مخطط الفيصل\n مساحة 574 م\n شارع 14 شرقي \n في المرتفع \n رخصة ومخططات جاهزة\n مطلوب 800 الف صافي', '2018-07-22', 1, 0, '', 0, 0),
(1136, '2', 4, 'سكني', 'خارجي', 0, 0, 'دورين', 0, 'شقة واحدة', 0, '', '', 2, 'لا يوجد', 0, '', 1000000, 0, 0, 1, 'غير معروف', '0535843000', 0, 0, 'طلب فيلا امريكي حدود مليون ونازل المناطق المرغبوة جهه الهجره', '2018-07-22', 1, 0, '', 0, 0),
(1135, '1', 2, 'سكني', 'داخل', 800, 0, 'دورين', 2, '4 - 7 شقق', 5, '', '', 2, 'شوران ن', 0, '', 2300000, 0, 0, 6, 'غير معروف', '0549281111', 0, 0, 'للبيع عمارة 5 شقق بشوران ن من 5غرف وصاله و3دورات ومطبخ مساحه 800م جديدة بــ2مليون و300', '2018-07-22', 1, 0, '', 0, 0),
(1134, '2', 4, 'سكني', 'داخل', 0, 0, 'دورين', 0, 'شقة واحدة', 0, '', '', 2, 'الهجرة عموما', 0, '', 1200000, 0, 0, 1, 'غير معروف', '0504391340', 0, 0, 'زبون مباشر طالب فيلا امريكي بالهجره حدود مليون و200', '2018-07-22', 1, 0, '', 0, 0),
(1133, '1', 1, 'سكني', 'داخل', 800, 0, 'دورين', 0, 'شقة واحدة', 0, '', '', 2, 'شوران ك', 0, '', 750000, 0, 0, 1, 'غير معروف', '0555348634', 0, 0, 'فرصة للبيع قطعه سكنية بشوران ك مساحه 800م على موقف جنوبي ـ750.000', '2018-07-22', 1, 0, '', 0, 0),
(1132, '2', 1, 'سكني', 'داخل', 600, 0, 'دورين', 0, 'شقة واحدة', 0, '', '', 6, 'لا يوجد', 0, '', 700000, 0, 0, 1, 'غير معروف', '0541280812', 0, 0, 'زبون مباشر طالب ارض سكنية مساحه حدود 600م وبسعر تقريبي 700.000 عن طريق البنك المناطق المرغوبة الملك فهد داخل الحد او باقدوا او القثمي او البدراني', '2018-07-22', 1, 0, '', 0, 0),
(1131, '1', 2, 'سكني', 'داخل', 800, 1, 'دورين', 2, '4 - 7 شقق', 5, '', '', 2, 'شوران ي', 0, '', 2000000, 0, 0, 1, 'غير معروف', '0558045991', 0, 0, 'المطلوب ٢ مليون ، عليها صندوق تنمية ٤٥٠ الف (( مطلوب صافي للمالك مليون و خمسمائة و خمسون الف ريال ))', '2018-07-22', 1, 0, '', 0, 0),
(1130, '1', 2, 'سكني', 'داخل', 625, 0, 'دورين', 2, '4 - 7 شقق', 4, '', '', 2, 'الرانوناء', 0, '', 2100000, 0, 0, 6, 'غير معروف', '0564888756', 0, 0, 'فيلا داخلية من دورين دورضيافة ودور نوم صالة لكل دور 3غرف ضيافة وثلاث غرف نوم بحماماتها ومطبخ وغرفةخادمة بحمامها وثلاث شقق شقة 5غرف وشقة4 غرف وشقة3غرف الواجهة بروفايل الفيلا التكييف سبيلت السعر 2مليون و100', '2018-07-22', 1, 0, '', 0, 0),
(1127, '1', 2, 'سكني', 'داخل', 734, 2, 'دورين', 2, '4 - 7 شقق', 9, '', '', 2, 'ربوة الرانوناء', 0, '', 2000000, 0, 0, 6, 'غير معروف', '0507295000', 0, 0, 'فرصة نادرة عمارة للبيع بحي الرانوناء بالمدينة المنورة على البنك العقاري مؤجرة عمرها 4 سنوات مكونة من 9 شقق وبدروم مفتوح ، كل شقة 3 غرف وصالة بمساحات واسعة ومطبخ ودورتين مياه واجهة حجر اردني. تقع على شارع 24 م جنوبي داخل حد الحرم', '2018-07-22', 1, 0, '', 0, 0),
(1126, '1', 2, 'سكني', 'داخل', 387, 1, 'دورين', 2, 'شقتين او ثلاثة', 3, '', '', 2, 'ربوة الرانونا', 0, '', 1500000, 0, 0, 6, 'غير معروف', '0565547469/0558', 0, 0, 'عمارة مكونة من فيلا +٣شقق البدروم والدور الأرضي:فيلا +مسبح +غرفة الحارس بحمام +حوش •الدور الأول : شقتين من ٣غرف •الملحق :شقة ٣غرف+سطح •الموقعربوة الرانوناء داخل الحد ✔جواره مسجد جامع ✔تشطيب ٥ نجوم وشغل شخصي ✔عمر العقار ٣سنوات ✔يوجد مصعد ✔يمكن إضافة شقة بـ1500.000', '2018-07-22', 1, 0, '', 0, 0),
(1123, '1', 8, 'سكني', 'داخل', 0, 0, 'دورين', 0, 'شقة واحدة', 0, '', '', 2, 'شوران ي', 0, '', 350000, 0, 0, 6, 'غير معروف', '0594386234', 0, 0, 'عمارة في شوران ( ي ) نظام شقق تمليك\n خلف قاعة الليلك  - خلفية الشارع التجاري \n داخل حد الحرم\n مكوناتها : دورين وملحق ( 5 شقق ) \n المساحة الاجمالية : 300م \n الدور الارضي : ( شقتين ) \n مساحة كل شقه 150م \n عدد الغرف : 3 غرف وصالة ومطبخ و3 دورات مياه \n الدور', '2018-07-22', 1, 0, '', 0, 0),
(1121, '1', 2, 'سكني', 'داخل', 800, 4, 'دورين', 2, '4 - 7 شقق', 5, '', '', 2, 'شوران ي', 0, '', 2450000, 0, 0, 6, 'غير معروف', '٠٥٩٤٣٨٦٢٣٤', 0, 0, 'عمارة في شوران ( ي ) داخل حد الحرم رقم القطعة : 593 800م شمالا مواقف سيارات دورين وملحق ( 5 شقق ) الدور الارضي : شقتين كل شقه من 5 غرف 4 شقق مكون من 5 غرف وشقه من 3 غرف وصالة ومطبخ وحمامين عمرها ٤ سنوات المطلوب : ٢ مليون ريال + بنك عقاري ٤٥٠ الف', '2018-07-22', 1, 0, '', 0, 0),
(1120, '1', 2, 'تجاري', 'خارج', 600, 8, 'دورين', 0, '4 - 7 شقق', 4, '', '', 3, 'اول البخاري', 0, '', 6000000, 350000, 0, 6, 'غير معروف', '0559283583', 0, 0, 'للبيع عمارة بشارع الامام البخاري بالعزيزية 600م بها 4محلات و5 شقق بدخل : 350.000 سنوي والسعر 6 مليون', '2018-07-22', 1, 0, '', 0, 0),
(1119, '1', 4, 'سكني', 'داخل', 335, 0, 'دورين', 0, 'شقة واحدة', 0, '', '', 2, 'روضة الرانوناء', 0, '', 1300000, 0, 0, 6, 'غير معروف', '0553311239', 0, 0, 'للبيع فلا في روضه الرنوناء داخل الحد\n المساحه 335 متر\n 9 غرف وغرفة سايق\n الشغل شخصي\n المطلوب مليون 300 الف', '2018-07-22', 1, 0, '', 0, 0),
(1118, '2', 4, 'سكني', 'خارج', 0, 0, 'دورين', 0, 'شقة واحدة', 0, '', '', 2, 'لا يوجد', 0, '', 1000000, 0, 0, 1, 'غير معروف', '0568300993', 0, 0, 'زبون مباشر يبغا فيلا جهه الرانونا او التلال حد الشراء مليون فما دون', '2018-07-22', 1, 0, '', 0, 0),
(1116, '2', 4, 'سكني', 'خارجي', 0, 0, 'دورين', 0, 'شقة واحدة', 0, '', '', 2, 'التلال او الرانوناء', 0, '', 800000, 0, 0, 1, 'غير معروف', '0500923980', 0, 0, 'زبون مباشر طالب فيلا امريكي بحدود 900.000 جهه الرانوناء او التلال', '2018-07-22', 1, 0, '', 0, 0),
(1115, '1', 1, 'سكني', 'خارج', 785, 0, 'دورين', 2, 'شقة واحدة', 5, '', '', 10, 'هـــ5', 0, '', 400000, 0, 0, 2, 'غير معروف', '0506277141', 0, 0, 'قطعه بالحمراء هــــ5 رقم3431 مساحه 785م ثلاث وجهات شارع 20جنوبي و10غربي وموقف شمالي على السووووووووم', '2018-07-22', 1, 0, '', 0, 0),
(1114, '1', 4, 'سكني', 'داخل', 280, 0, 'دورين', 0, 'شقة واحدة', 0, '', '', 1, 'السحيم', 0, '', 1500000, 0, 0, 6, 'غير معروف', '0561979351', 0, 0, '#للبيع اخر فيلا جديدة نظام امريكي درج داخلي على شكل قصر مصغر فاخر جداً\n \n *الموقع: مخطط السحيم - جوار البدراني\n *المساحة: 280 م\n *الواجهة: شارع 16 شرقي\n *داخل حد الحرم\n *دورين وملحق\n *واجهة حجر فاخر\n *جميع خدمات واصلة\n \n \n #الحوش:\n غرفة سائق مع دورة مياه', '2018-07-22', 1, 0, '', 0, 0),
(1112, '1', 4, 'سكني', 'داخل', 280, 0, 'دورين', 0, 'شقة واحدة', 0, '', '', 6, 'باقدوا', 0, '', 1500000, 0, 0, 6, 'غير معروف', '0561979351', 0, 0, 'للبيع فلل سكنيه فاخره جديدة درج داخلي تشطيب vip راقي بجوده عاليه\n \n *مخطط باقدو\n *داخل حد الحرم\n *مساحة الأرض لكل فيلا 280 م\n *دورين وملحق\n \n .\n *الدور الارضي\n صالون رجال 7.20 م × 6 م\n صالون النساء 7.80 م × 6.20 م\n صالة الطعام 6.20 م × 6 م\n مطبخ 4.40 م ×', '2018-07-22', 1, 0, '', 0, 0),
(1111, '1', 1, 'سكني', 'خارج', 600, 0, 'دورين', 0, 'شقة واحدة', 0, '', '', 6, 'الشرق ب', 0, '', 440000, 0, 0, 6, 'غير معروف', '0538409987', 0, 0, 'أرض في مخطط شرق ( ب )\n   على شارعين \n  رقم القطعة    62 \n  مساحتها       600\n  غربا شارع عرض 25 متر \n شمالا شارع عرض 10 متر \n  عليها سوم 420  \n    السعر 440', '2018-07-22', 1, 0, '', 0, 0),
(1109, '1', 1, 'تجاري', 'خارج', 640, 0, 'دورين', 0, 'شقة واحدة', 0, '', '', 6, 'العوينة', 0, '', 180000, 0, 0, 1, 'غير معروف', '0538409987', 0, 0, 'ارض للبيع في العوينه \n           تجارية\n   مساحتها        640 \n شمالا شارع عرض 30 متر \n   السعر 180', '2018-07-22', 1, 0, '', 0, 0),
(1107, '2', 1, 'سكني', 'خارج', 550, 0, 'دورين', 0, 'شقتين او ثلاثة', 3, '', '', 6, 'الامير تركي', 0, '', 700000, 25000, 0, 1, 'غير معروف', '0554090490', 0, 0, 'زبون مباشر يرغب بشراء قطعه سكنية بحي المطار وبالتحديد خلف ميد او مخطط الامير تركي', '2018-07-22', 1, 0, '', 0, 0),
(1106, '1', 1, 'تجاري', 'خارج', 550, 0, 'دورين', 0, 'شقة واحدة', 0, '', '', 6, 'العاقول د3', 0, '', 400000, 0, 0, 1, 'غير معروف', '0546639445', 0, 0, 'بالعاقول مساحه 550م رقمها 949 شارع 40 بجوار الشرطة السعر: 400.000', '2018-07-22', 1, 0, '', 0, 0),
(1105, '1', 2, 'سكني', 'داخل', 550, 4, 'دورين', 2, '4 - 7 شقق', 10, '', '', 6, 'القثمي', 0, '', 3300000, 0, 0, 1, 'غير معروف', '0546639445', 0, 0, 'عمارة بالقثمي خلف الراشد مساحه 550م شارعين سكني مكونة من 10 شقق من 3غرف و4 غرف وغرفتين بمنافعهم الدخل : 180.000 العمر 4 سنوات السعر : 3 مليون و300 قابل لتفاوظ', '2018-07-22', 1, 0, '', 0, 0),
(1104, '2', 2, 'سكني', 'داخل', 0, 0, 'دورين', 0, 'شقة واحدة', 0, '', '', 7, 'الخالدية', 0, '', 800000, 0, 0, 1, 'غير معروف', '0553324937', 0, 0, 'زبون ينتظر اتصالنا لدخول العمارة التي حلويات السفير', '2018-07-22', 1, 0, '', 0, 0),
(1103, '1', 6, 'سكني', 'داخل', 352, 0, 'دورين', 0, 'شقتين او ثلاثة', 3, '', '', 6, 'تلعه الهبوب', 0, '', 350000, 25000, 0, 6, 'غير معروف', '0546639445', 0, 0, 'بيت شعبي 352م في تلعه الهبوب مكون من ثلاث شقق كل شقه ثلاث غرف بمنافعهم الدخل : 25000 والسعر 350.000 قابل لتفاوظ', '2018-07-22', 1, 0, '', 0, 0),
(1102, '1', 4, 'سكني', 'داخل', 360, 1, 'دورين', 0, 'شقة واحدة', 0, '', '', 2, 'روضة الرانوناء', 0, '', 1200000, 0, 0, 6, 'غير معروف', '0559283583', 0, 0, 'فيلا امريكي بروضه الرانوناء 10 غرف مساحه 360م فيلا رقم 4 حجر عمرها سنه بها مصعد مطلوب مليون و200', '2018-07-22', 1, 0, '', 0, 0),
(1101, '1', 2, 'سكني', 'خارجي', 0, 0, 'دورين', 0, 'شقة واحدة', 0, '', '', 8, 'العوالي', 0, '', 10000000, 0, 0, 1, 'غير معروف', '0559283583', 0, 0, 'عمارة في اول العوالي الطالع على التجاري مساحه 360م 5 ادوار فيها معرض و6شقق الدخل : 650.000 السعر 10 مليون', '2018-07-22', 1, 0, '', 0, 0),
(1100, '2', 4, 'سكني', 'خارجي', 0, 0, 'دورين', 0, 'شقة واحدة', 0, '', '', 2, 'لا يوجد', 0, '', 750000, 0, 0, 1, 'غير معروف', '0540011944', 0, 0, 'زبون مباشر طالب فيلا امريكي جهه الرانوناء حد الشراء 750.000', '2018-07-22', 1, 0, '', 0, 0),
(1099, '2', 4, 'سكني', 'خارجي', 0, 0, 'دورين', 0, 'شقة واحدة', 0, '', '', 2, 'لا يوجد', 0, '', 1500000, 0, 0, 1, 'غير معروف', '0507759907', 0, 0, 'زبون مباشر طالب فيلا مع شقة جهه الرانوناء او التلال', '2018-07-22', 1, 0, '', 0, 0),
(1097, '1', 8, 'سكني', 'داخل', 205, 0, 'دورين', 0, 'شقة واحدة', 0, '', '', 2, 'الرانوناء', 0, '', 500000, 0, 0, 2, 'غير معروف', '0503309638', 0, 0, 'شقق تمليك داخل حد الحرم الرانونا خمس غرف وصاله وثلاث دورات مياه ومطبخ شغل شخصي واجهه حجر يوجد مصعد يوجد غاز مركزي مساحه المساحه ٢٠٥ متر مطلوب 500 الف احدا الشقق بمدخل خاص وجميع الشقق بغرفه غسيل', '2018-07-22', 1, 0, '', 0, 0),
(1095, '1', 1, 'تجاري', 'خارج', 780, 0, 'دورين', 0, 'شقة واحدة', 0, '', '', 3, 'ت8', 0, '', 460000, 0, 0, 6, 'غير معروف', '0556313799', 0, 0, 'ارض تجاريه بت 8 مساحه 780 مطلوب 460', '2018-07-22', 1, 0, '', 0, 0),
(1094, '1', 1, 'سكني', 'خارج', 643, 0, 'دورين', 0, 'شقة واحدة', 0, '', '', 3, 'السلام مخطط رقم 774/1417', 0, '', 400000, 0, 0, 6, 'غير معروف', '0564160119', 0, 0, 'للبيع قطعه في بيداء السلام مساحه 643م شارعين 16جنوبي و16 شرقي بسعر 400.000', '2018-07-22', 1, 0, '', 0, 0),
(1093, '1', 8, 'سكني', 'داخل', 263, 0, '4 أدوار', 0, 'شقة واحدة', 0, '', '', 4, 'الروضة', 0, '', 750000, 0, 0, 6, 'غير معروف', '0591606465', 0, 0, 'شقة تمليك خلف الشؤون الصحية \n حي الروضة \n الدور الثاني. مصعد \n المساحة 263م\n موقع ممتاز تبعد عن الحرم 3.5 كم \n مكونة من 6 غرف وصالة ومطبخ مركب واربع حمامات وغرفة غسيل وغرفة خادمة \n تحت غرفة سواق وموقف خاص \n خزان علوي وسفلي خاص لكل شقة\n المطلوب/ 750.000', '2018-07-22', 1, 0, '', 0, 0),
(1091, '1', 1, 'سكني', 'خارج', 1020, 0, 'دورين', 0, 'شقة واحدة', 0, '', '', 3, 'ت6', 0, '', 750000, 0, 0, 1, 'غير معروف', '0550556105', 0, 0, 'ارض للبيع بالعزيزية. مخطط ت٦\n مساحه ١٠٢٠ متر \n شارعين  ١٦ و١٨\n شرقيه جنوبيه \n مطلوب ٧٥٠', '2018-07-22', 1, 0, '', 0, 0),
(1090, '1', 1, 'سكني', 'خارج', 500, 0, 'دورين', 0, 'شقة واحدة', 0, '', '', 6, 'الصفوة', 0, '', 500000, 0, 0, 1, 'غير معروف', '0538409987', 0, 0, 'قطعه سكنية بالصفوة مساحه 500م شارع 14 جنوبي بسعر 500.000', '2018-07-22', 1, 0, '', 0, 0),
(1089, '1', 2, 'تجاري', 'داخل', 400, 0, 'دورين', 0, 'شقة واحدة', 3, '', '', 7, 'الخالدية', 0, '', 1500000, 0, 0, 1, 'غير معروف', '0505300434', 0, 0, 'عمارة تجارية على شارع الاربعين مقابل بلدية العوالي مساحه 400م بسعر : 1500.000', '2018-07-22', 1, 0, '', 0, 0),
(1088, '1', 1, 'سكني', 'خارج', 14000, 0, 'دورين', 0, 'شقة واحدة', 0, '', '', 6, 'الشرق - العاقول تقاطع', 0, '', 2500000, 0, 0, 6, 'غير معروف', '0554353308', 0, 0, 'ارض مساحتها 14000م قريبة من كبري الملك سلمان تقاطع طريق الرياض القديم يحدها المسيل السعر 2مليون و500 قابل لتفاوظ', '2018-07-22', 1, 0, '', 0, 0),
(1087, '2', 2, 'سكني', 'داخل', 0, 0, 'دورين', 0, '4 - 7 شقق', 5, '', '', 1, 'البرداني وماحوله', 0, '', 2000000, 0, 0, 1, 'غير معروف', '0562186666', 0, 0, 'زبون من طرف وسيط مباشر يرغب بشراء 5 شقق شرط جديدة غير مسكونة في البدراني وماحوله حد الشراء 2 مليون تقريبا الشراء كاش', '2018-07-22', 1, 0, '', 0, 0),
(1086, '2', 1, 'سكني', 'داخل', 800, 0, 'دورين', 0, 'شقة واحدة', 0, '', '', 2, 'د هـ', 0, '', 600000, 0, 0, 1, 'غير معروف', '0580020900', 0, 0, 'زبون مباشر طالب  قطعه او 3 قطع في موقف واحد او متجاوره سكنية بشوران هـ / د على موقف شرقي او شمالي بسعر جيد', '2018-07-22', 1, 0, '', 0, 0),
(1084, '1', 1, 'سكني', 'خارج', 800, 0, 'دورين', 0, 'شقة واحدة', 0, '', '', 10, 'جبل عير', 0, '', 210000, 0, 0, 1, 'غير معروف', '0554450930', 0, 0, 'للبيع ارض في مخطط جبل عير  رقم القطعه  10 اسم الشارع بن سعد  مساحتها  800  وجنوبا شارع عرض 24 متر  السعر 210', '2018-07-22', 1, 0, '', 0, 0),
(1083, '1', 7, 'سكني', 'خارج', 625, 0, 'دورين', 0, 'شقتين او ثلاثة', 0, '', '', 10, 'جبل عير', 0, '', 650000, 0, 0, 2, 'غير معروف', '0532832117', 0, 0, 'استراحة بجبل عير مساحة 625 \n قسمين على شارع 10 جنوبي \n وجزء منها على شارع 24 غربي \n مطلوب 650 الف\n اضلاعها 25 في 25 \n قسم الرجال حوش 14*14  تقريبا ودكه ومسلخ ومجلس 8*5 ومطبخ ودورات مياه\n قسم النساء حوش 14*9 ومجلس 8*5 وغرفة ومطبخ ودورات مياه \n ارضية الحوش رمله ممكن عمل مسبح', '2018-07-22', 1, 0, '', 0, 0),
(1082, '1', 2, 'سكني', 'خارج', 600, 0, 'دورين', 2, '4 - 7 شقق', 5, '', '', 6, 'الشرق ب', 0, '', 800000, 0, 0, 6, 'غير معروف', '0555345500', 0, 0, 'عمارة عظم مباني كاملة 5شقق من 4غرف وصاله و3دورات ومبطخ مساحه 600م الشرق ب بـــ800000', '2018-07-22', 1, 0, '', 0, 0),
(1080, '1', 2, 'تجاري', 'داخل', 400, 20, 'دورين', 3, 'شقتين او ثلاثة', 3, '', '', 7, 'الاسكان الشمالي', 0, '', 2500000, 260000, 0, 3, 'غير معروف', '0540770745', 0, 0, 'فيلا بالاسكان الشمالي تجارية على طريق الهجرة قريبة من تقاطع شارع الامير محمد 3محلات ومكاتب الدخل 260.000 والسعر 5مليون قابل لتفاوظ', '2018-07-22', 1, 0, '', 0, 0),
(1079, '1', 2, 'تجاري', 'داخل', 701, 5, '4 أدوار', 4, '8 شقق وما فوق', 4, '', '', 4, 'الربوة', 0, '', 9000000, 550000, 0, 1, 'غير معروف', '0594602557', 0, 0, 'للبيع بالمدينة المنورة\n عمارة تجارية شقق فندقية\n بالربوة بينها وبين الدائري الثاني 50 متر المساحة 701 متر علي واجهتين  شارع 24 تجاري وشارع 16 \n عدد 17 شقة فندقية من غرفتين وثلاث غرف بالإضافة إلى أربعة محلات تجارية \n الدخل 6% \n العمر 5 سنوات\n مطلوب 9مليون', '2018-07-22', 1, 0, '', 0, 0),
(1075, '1', 1, 'سكني', 'داخل', 816, 0, 'دورين', 0, 'شقة واحدة', 0, '', '', 2, 'باعقيل', 0, '', 600000, 0, 0, 1, 'غير معروف', '0561617575', 0, 0, 'ارض للبيع عبارة عن بيت شعبي المساحة 816 متر علي 3 واجهات قريب قصر  السراني مقابل الجسر بــ600.000', '2018-07-22', 1, 0, '', 0, 0),
(1074, '2', 2, 'سكني', 'خارجي', 0, 0, 'دورين', 0, 'شقة واحدة', 0, '', '', 6, 'اي', 0, '', 1200000, 0, 0, 1, 'غير معروف', '0541500552', 0, 0, 'زبون مباشر يرغب بشراء عمارة شقتين بالملك فهد حدود مليون و200', '2018-07-22', 1, 0, '', 0, 0),
(1073, '1', 2, 'سكني', 'داخل', 625, 1, 'دورين', 2, '4 - 7 شقق', 5, '', '', 6, 'الملك فهد', 0, '', 1700000, 0, 0, 1, 'غير معروف', '0565612220', 0, 0, 'عمارة خمس شقق بالملك فهد مساحه 625م من 5غرف وصاله شقتين مؤجره بــ50.000 والباقي فاضي داخل الحد بمليون و700', '2018-07-22', 1, 0, '', 0, 0),
(1072, '1', 1, 'تجاري', 'خارج', 625, 0, 'دورين', 0, 'شقة واحدة', 0, '', '', 3, 'الروابي', 0, '', 600000, 0, 0, 1, 'غير معروف', '0542888266', 0, 0, 'ارض بربوة العزيزية على شارع ٤٠ ابن ماجه مسموح ٣ ادوار وملحق ومرتفعة شرقية مساحتها ٦٢٥ طالب ٦٠٠ الف', '2018-07-22', 1, 0, '', 0, 0),
(1071, '2', 2, 'سكني', 'داخل', 650, 0, 'دورين', 0, '4 - 7 شقق', 5, '', '', 6, 'باقدوا فقط', 0, '', 2500000, 0, 0, 6, 'غير معروف', '0569689003', 0, 0, 'وسيط مباشر طالب عمارة خمس شقق ذات مساحه كبيره نسبيا وغرف وسيعه في باقدوا', '2018-07-22', 1, 0, '', 0, 0),
(1070, '1', 1, 'تجاري', 'خارج', 535, 0, 'دورين', 0, 'شقة واحدة', 0, '', '', 3, 'ت10', 0, '', 450000, 0, 0, 1, 'غير معروف', '0532197007', 0, 0, 'ارض  تجارية شارع ٦٤\n قبل الدايري الثالث \n مساحه ٥٣٥\n شارع ٦٤ شمالي \n مطلوب ٤٥٠ قابل  التفاوض', '2018-07-22', 1, 0, '', 0, 0),
(1069, '1', 2, 'سكني', 'داخل', 590, 2, 'دورين', 3, '4 - 7 شقق', 5, '', '', 3, 'قبل الميقات', 0, '', 1800000, 0, 0, 1, 'غير معروف', '0544099338', 0, 0, 'عمارة 5شقق طريق الميقات الموقع: ذو الحليفه داخل الحد.\n \n مساحة الارض: 590 متر مربع واجهتين شارع 16 متر / شارع 14 متر.\n \n عدد الأدوار: ثلاثة أدوار، تأسيس اربعة أدوار ومصعد.\n \n عدد الشقق: 8 شقق.\n \n الدور الأرضي: 352 متر مربع، ثلاث شقق، شقتين من ثلاث غرف وصا', '2018-07-22', 1, 0, '', 0, 0),
(1068, '2', 4, 'سكني', 'خارجي', 0, 0, 'دورين', 0, 'شقة واحدة', 0, '', '', 3, 'اي حي بالعزيزية', 0, '', 1000000, 0, 0, 1, 'غير معروف', '0544962339', 0, 0, 'زبون طالب فيلا امريكي بالعزيزية الشراء عن طريق البنك حد الشراء مليون', '2018-07-22', 1, 0, '', 0, 0),
(1067, '1', 2, 'سكني', 'داخل', 143, 20, '4 أدوار', 0, '8 شقق وما فوق', 6, '', '', 8, 'قباء', 0, '', 750000, 60000, 0, 2, 'غير معروف', '0568933530', 0, 0, 'لا يوجد ملاحظات', '2018-07-22', 1, 0, '', 0, 0),
(1066, '1', 7, 'سكني', 'خارج', 3300, 1, 'دورين', 0, 'شقة واحدة', 0, '', '', 6, 'العاطفية', 0, '', 60000, 0, 0, 2, 'غير معروف', '0599439318', 0, 0, 'إستراحة  متميزة على مدخل العطافية بعد نقطة تفتيش الرياض السريع ب5كيلو يمين.\n #تم تغطية الطريق من حي البدراني إلى العطافية بالإنارة العمودية.\n #المنطقة مثبتة في الامارة من اكثر٤٠سنة.\n #العطافية معتمدة في الإمارة والبلدية لأنها مأهولة بالسكان بالإضافة الاست', '2018-07-22', 1, 0, '', 0, 0),
(1065, '2', 4, 'سكني', 'خارجي', 0, 0, 'دورين', 0, 'شقة واحدة', 0, '', '', 3, 'اي حي', 0, '', 800000, 0, 0, 1, 'غير معروف', '0500487157', 0, 0, 'زبون مباشر طالب فيلا امريكي بالعزيزية حدود 800.000', '2018-07-22', 1, 0, '', 0, 0),
(1064, '2', 2, 'سكني', 'خارجي', 0, 0, 'دورين', 0, '4 - 7 شقق', 5, '', '', 6, 'الملك فهد او ماحوله', 0, '', 1700000, 0, 0, 1, 'غير معروف', '0507325552', 0, 0, 'زبون مباشر طالب عمارة خمس شقق حدود مليون و700 الشراء كاش', '2018-07-22', 1, 0, '', 0, 0),
(1063, '1', 1, 'سكني', 'خارج', 625, 0, 'دورين', 0, 'شقة واحدة', 0, '', '', 6, 'الملك فهد', 0, '', 530000, 0, 0, 7, 'غير معروف', '0502399352', 0, 0, 'فرصة للبيع قطعه سكنية بالملك فهد بموقع مميز مساحه 625م شارع 24 غربي بسعر 530.000', '2018-07-22', 1, 0, '', 0, 0),
(1062, '1', 2, 'سكني', 'خارج', 750, 0, 'دورين', 2, '4 - 7 شقق', 7, '', '', 6, 'الملك فهد', 0, '', 2000000, 0, 0, 2, 'غير معروف', '0590728855', 0, 0, 'للبيع عماره في مخطط الملك فهد جديدة مساحتها 750م متر وسط الخدمات شارع 14 شرقي تتكون من سبع شقق الدور الارضي  شقتين كل شقه مدخل خاص كل شقه خمس غرف وصاله ومطبخ وثلاث دورات مياه وغرفتين سواق مع منافعها الدور الاول يتكون من ثلاث شقق من اربع غرف وصاله ومطبخ', '2018-07-22', 1, 0, '', 0, 0),
(1060, '2', 2, 'سكني', 'خارج', 0, 0, 'دورين', 0, 'شقتين او ثلاثة', 2, '', '', 5, 'الجرف عموما', 0, '', 1000000, 0, 0, 1, 'غير معروف', '0556137560', 0, 0, 'زبون مباشر يرغب بشراء عمارة في الجرف ويفضل التي عليها بنك عقاري بحيث يدفع العميل الفرق بحيث لايتجاوز السعر مليون مع البنك يفضل شقتين', '2018-07-22', 1, 0, '', 0, 0),
(1058, '2', 2, 'سكني', 'داخل', 350, 0, 'دورين', 0, 'شقة واحدة', 0, '', '', 2, 'اي مخطط', 0, '', 1000000, 0, 0, 1, 'غير معروف', '0546668440', 0, 0, 'زبون مباشر يرغب بشراء فيلا امريكي او عمارة شقق جهه الرانوناء او العزيزية حد الشراء مليون', '2018-07-22', 1, 0, '', 0, 0),
(1057, '1', 2, 'سكني', 'خارج', 560, 0, 'دورين', 2, '4 - 7 شقق', 5, '', '', 6, 'الصفوة', 0, '', 1700000, 0, 0, 1, 'غير معروف', '0506363900', 0, 0, 'للبيع عمارة خمس شقق بالصفوة جديدة كل شقة من 4 غرف وصاله و3دورات ومطبخ المساحه 560م السعر مليون و700', '2018-07-22', 1, 0, '', 0, 0),
(1056, '1', 2, 'سكني', 'داخل', 1127, 0, '4 أدوار', 4, '8 شقق وما فوق', 10, '', '', 4, 'السليمانية', 0, '', 5000000, 0, 0, 1, 'غير معروف', '0505320120', 0, 0, 'للبيع عمارة سكنية في السليمانية عظم مساحه 1127م بمصعدين مكونة من 10 شقق وفيلا وبدروم بسعر 5مليون فقط', '2018-07-22', 1, 0, '', 0, 0),
(1055, '2', 1, 'سكني', 'داخل', 1000, 0, 'دورين', 0, 'شقة واحدة', 0, '', '', 1, 'النخيل وماحوله', 0, '', 1000000, 0, 0, 1, 'غير معروف', '0557815818', 0, 0, 'زبون  مباشر طالب ارض سكنية حوالين الدائري في مخطط النخيل وماحوله شرط على شارعين زواية', '2018-07-22', 1, 0, '', 0, 0),
(1054, '2', 2, 'سكني', 'خارجي', 500, 0, 'دورين', 0, 'شقتين او ثلاثة', 0, '', '', 3, 'اي مخطط', 0, '', 800000, 0, 0, 1, 'غير معروف', '0546408454', 0, 0, 'زبون مباشر طالب عمارة بالعزيزية الشراء عن طريق البنك حدود الشراء 800.000', '2018-07-22', 1, 0, '', 0, 0),
(1053, '1', 1, 'تجاري', 'خارج', 9000, 0, 'دورين', 0, 'شقة واحدة', 15, '', '', 6, 'الملك فهد', 0, '', 8000000, 450000, 0, 1, 'غير معروف', '0505306707', 0, 0, 'فرصه للبيع استراحات بدخل ممتاز وهي مبنيه على ارض مساحه 9500م على شارع 100 شارع رئيسي بالمخطط عدد الاستراحات 15 بدخل 2500 لكل استراحه بالشهر ويمكن زيادة عدد الاستراحات يوجد ارض كبيره متبقية لم يبنى بها شي \n الخمسة عشر استراحه دخلهم بالشهر : 45000 والدخل بالسنوي 540.000\n والسعر 8 مليون', '2018-07-22', 1, 0, '', 0, 0),
(1052, '2', 1, 'سكني', 'داخل', 800, 0, 'دورين', 0, 'شقة واحدة', 0, '', '', 2, 'شوران داخل الحد', 0, '', 500000, 0, 0, 1, 'غير معروف', '0500957766', 0, 0, 'طالب قطعة سكنية بشوران او الرانونا ايها ارخص مساحه حدود 800م وبسعر حدود 500.000', '2018-07-22', 1, 0, '', 0, 0),
(1051, '1', 6, 'سكني', 'داخل', 305, 0, '4 أدوار', 1, 'شقة واحدة', 0, '', '', 4, 'السحمان', 0, '', 800000, 0, 0, 6, 'غير معروف', '0546639445', 0, 0, 'بيت شعبي ثلاث واجهات قريبه من الشارع الجديد منظم وجاهز المساحه 305م قريب للحرم خارج مشروع الحرم\n بــ800.000', '2018-07-22', 1, 0, '', 0, 0),
(1050, '1', 2, 'سكني', 'داخل', 836, 15, 'دورين', 2, '8 شقق وما فوق', 14, '', '', 5, 'الازهري', 0, '', 6000000, 0, 0, 1, 'غير معروف', '٠٥٦٠٦٩٨٦٤٩', 0, 0, 'عماره بالازهري \n قريبه من دوار مشاري\n مساحتها ٨٣٦ متر\n على واجهتين\n ١٤ شقه\n كل شقه من ٣غرف وصاله وحمامين\n المطلوب ٦ مليون وقابل لتفاوض', '2018-07-22', 1, 0, '', 0, 0),
(1049, '2', 2, 'سكني', 'داخل', 0, 0, 'دورين', 0, '4 - 7 شقق', 5, '', '', 1, 'البدراني وماحوله', 0, '', 2000000, 0, 0, 1, 'غير معروف', '0556395121', 0, 0, 'وسيط مباشر طالب عمارة بالبدراني وماحوله 5 شقق حدود 2 مليون يفضل الجديد', '2018-07-22', 1, 0, '', 0, 0),
(1048, '1', 1, 'تجاري', 'خارج', 960, 0, 'دورين', 0, 'شقة واحدة', 0, '', '', 6, 'حي المطار', 0, '', 1300000, 0, 0, 6, 'غير معروف', '055695121', 0, 0, 'ارض مساحه 960م على طريق الــ100 طريق تبوك القديم بطول 30م بحي المطار بجوار الخطوط السعودية السعر : مليون قابل لتفاوظ', '2018-07-22', 1, 0, '', 0, 0),
(1047, '1', 2, 'سكني', 'داخل', 479, 4, '4 أدوار', 4, '8 شقق وما فوق', 9, '', '', 4, 'السليمانية', 0, '', 5000000, 230000, 0, 2, 'غير معروف', '0505307990', 0, 0, 'عمارة فخمه بالسليمانية 9 شقق العمر 4 سنوات مساحه 479م الدخل 230.000 السعر 5 مليون', '2018-07-22', 1, 0, '', 0, 0),
(1045, '2', 2, 'تجاري', 'داخل', 0, 0, 'دورين', 0, '4 - 7 شقق', 0, '', '', 2, 'ي', 0, '', 1600000, 0, 0, 1, 'غير معروف', '0553638388', 0, 0, 'مطلوب عمارة بشوران  ي عمارة حدود  مليون و600 الف ريال', '2018-07-22', 1, 0, '', 0, 0),
(1044, '1', 2, 'سكني', 'داخل', 567, 1, '4 أدوار', 4, '8 شقق وما فوق', 11, '', '', 4, 'الاوس', 0, '', 4000000, 220000, 0, 1, 'غير معروف', '0546639445', 0, 0, 'عمارة في مخطط الاوس خلف الشؤون الصحية 11شقة من 4 غ و3غ المساحه 567م عمرها 10 شهور الدخل : 220.000 والسعر 4مليون نهائي', '2018-07-22', 1, 0, '', 0, 0),
(1043, '1', 1, 'تجاري', 'داخل', 10000, 0, '4 أدوار', 0, 'شقة واحدة', 0, '', '', 4, 'السحمان', 0, '', 100000000, 0, 0, 6, 'غير معروف', '0546639445', 0, 0, 'ارض تجارية على شارع اباذر بعد ماندرين مساحه 10.000 متر بطول 60م على التجاري  على ثلاث واجهات سعر المتر 10.000 قابل لتفاوظ', '2018-07-22', 1, 0, '', 0, 0),
(1042, '1', 1, 'تجاري', 'داخل', 4000, 0, 'دورين', 0, 'شقة واحدة', 0, '', '', 2, 'الامير نايف', 0, '', 22500000, 0, 0, 6, 'غير معروف', '0559283583', 0, 0, 'ست قطع تجارية على الممشى شارع العباد جنوبي وشارع 20شمالي\n المساحه : 3750م بطول 65متر \n السوم 4000 للمتر والبيع 6000 للمتر قابل لتفاوظ', '2018-07-22', 1, 0, '', 0, 0),
(1041, '1', 1, 'تجاري', 'داخل', 1620, 0, 'دورين', 0, 'شقة واحدة', 0, '', '', 6, 'الملك فهد', 0, '', 2000000, 0, 0, 6, 'غير معروف', '0538409987', 0, 0, 'ارض تجاري سكني بالملك فهد مساحه 1620م ثلاث واجهات 40+24+24 بسعر 2مليون', '2018-07-22', 1, 0, '', 0, 0),
(1040, '1', 3, 'تجاري', 'داخل', 420, 12, '4 أدوار', 5, '8 شقق وما فوق', 42, '', '', 4, 'المستراح', 0, '', 14000000, 400000, 0, 7, 'غير معروف', '0546639445', 0, 0, 'فندق مساحة 420م على طريق الملك فهد بعد مزايا مول \n العمر 5سنوات  مكون من بدروم مواقف الارضي 4محلات وميزانين و7 ادوار متكررة كل دور شقة عدد الغرف 42 اجمالي مؤجر بـ400.000 سنوي ويمكن تحويله فندق لانه مكتمل المواصفات وسلالم الطواري قبل مطعم بشير مطلوب فقط 15 مليون', '2018-07-22', 1, 0, '', 0, 0),
(1036, '3', 10, 'سكني', 'داخل', 0, 0, 'دورين', 0, 'شقة واحدة', 1, '', '', 7, 'الاسكان الجنوبي', 0, '', 28000, 0, 0, 2, 'غير معروف', '0590089707', 0, 0, 'دور للايجار بالاسكان الجنوبي خلف البيك شقه ارضية بــ28000', '2018-07-22', 1, 0, '', 0, 0),
(1035, '3', 10, 'سكني', 'داخل', 0, 20, 'دورين', 0, 'شقة واحدة', 1, '', '', 7, 'خلف بلدية العوالي', 0, '', 20000, 0, 0, 2, 'غير معروف', '0505304685', 0, 0, 'شقة ايجار خلف بلدية العوالي 3غرف وصاله في الدور الرابع شارع جبار بن صخر', '2018-07-22', 1, 0, '', 0, 0),
(1034, '1', 2, 'سكني', 'داخل', 400, 7, 'دورين', 2, 'شقتين او ثلاثة', 3, '', '', 7, 'العنزي', 0, '', 1600000, 0, 0, 2, 'غير معروف', '05014710150', 0, 0, 'للبيع عمارة بالعنزي خلف بنك الجزيرة دورين وملحق رخام كل دور شقة 5غرف وصاله و3دورات ومبطخ بمليون و600', '2018-07-22', 1, 0, '', 0, 0),
(1033, '1', 1, 'تجاري', 'خارج', 108000, 0, 'دورين', 0, 'شقة واحدة', 0, '', '', 10, 'الحمراء', 0, '', 21600000, 0, 0, 1, 'غير معروف', '0553311239', 0, 0, 'ارض تجارية على طريق الجامعات مساحه : 108000م بطول 350م على التجاري\n صك سكني تجاري اكتروني\n مطلوب : 200 ريال للمتر', '2018-07-22', 1, 0, '', 0, 0),
(1031, '1', 2, 'تجاري', 'داخل', 308, 15, '4 أدوار', 4, '4 - 7 شقق', 3, '', '', 11, 'الحره الشرقية', 0, '', 8000000, 300000, 0, 3, 'غير معروف', '0557292725', 0, 0, 'للبيع عمارة تجارية على شارع الامير محمد قريبة من اشاره تقاطع الملك عبدالعزيز المساحه 308م الدخل 300.000 والسعر 8 مليون قابل لتفاوظ', '2018-07-22', 1, 0, '', 0, 0),
(1030, '2', 4, 'سكني', 'خارجي', 0, 0, 'دورين', 0, 'شقة واحدة', 0, '', '', 3, 'اي مخطط جهه العزيزية', 0, '', 1200000, 0, 0, 1, 'غير معروف', '0505950521', 0, 0, 'زبون مباشر يرغب بشراء فيلا امريكي جهه العزيزية او السلام حدود مليون و200', '2018-07-22', 1, 0, '', 0, 0),
(1029, '2', 4, 'سكني', 'داخل', 0, 0, 'دورين', 0, 'شقة واحدة', 0, '', '', 2, 'حول الامير نايف فقط', 0, '', 900000, 0, 0, 1, 'غير معروف', '0508400404', 0, 0, 'زبون من طرف وسيط مباشر يرغب شراء فيلا امريكي قريبه من مركز الكلى الاماكن المفضلة الامير نايف فقط وليس ابعد', '2018-07-22', 1, 0, '', 0, 0),
(1027, '2', 2, 'سكني', 'خارجي', 0, 0, 'دورين', 0, '4 - 7 شقق', 5, '', '', 3, 'اي مخطط قبل القلعه', 0, '', 1700000, 0, 0, 1, 'غير معروف', '0591338090', 0, 0, 'زبون مباشر يرغب بشراء عمارة اربع شقق او خمس شرط تكون الشقة من 5 غرف يفضل بالعزيزية ما قبل القلعه الحجازية الشراء بنك حدود مليون و700', '2018-07-22', 1, 0, '', 0, 0),
(1026, '2', 4, 'سكني', 'داخل', 300, 0, 'دورين', 0, 'شقة واحدة', 0, '', '', 2, 'الامير نايف وماحوله', 0, '', 1000000, 0, 0, 1, 'غير معروف', '0594447616', 0, 0, 'زبون طالب فيلا جهه الامير نايف الشراء عن طريق البنك حدود مليون', '2018-07-22', 1, 0, '', 0, 0),
(1025, '2', 4, 'سكني', 'خارجي', 300, 0, 'دورين', 0, 'شقة واحدة', 0, '', '', 3, 'اي', 0, '', 800000, 0, 0, 1, 'غير معروف', '0567497943', 0, 0, 'طلب فيلا امريكي جهه العزيزية حدود الشراء 600.000 عن طريق البنك العقاري', '2018-07-22', 1, 0, '', 0, 0),
(1024, '2', 4, 'سكني', 'خارجي', 300, 0, 'دورين', 0, 'شقة واحدة', 0, '', '', 3, 'اي', 0, '', 1000000, 0, 0, 1, 'غير معروف', '0503076224', 0, 0, 'فيلا امريكي بالعزيزية جهه البخاري حد الشراء مليون', '2018-07-22', 1, 0, '', 0, 0),
(1023, '2', 7, 'سكني', 'خارجي', 700, 0, 'دورين', 0, 'شقة واحدة', 0, '', '', 6, 'اي مخطط غير العاقول', 0, '', 900000, 0, 0, 1, 'غير معروف', '0531927850', 0, 0, 'زبون مباشر ييرغب بشراء استراحه خاصه باي مخطط من مخططات شرق المدينة غير العاقول حد الشراء 900.000 كاش', '2018-07-22', 1, 0, '', 0, 0),
(1022, '2', 1, 'سكني', 'خارجي', 500, 0, 'دورين', 0, 'شقة واحدة', 0, '', '', 3, 'السلام او حول الاستاذ', 0, '', 500000, 0, 0, 1, 'غير معروف', '0509704326', 0, 0, 'وسيط مباشر لديه زبون يرغب بشراء ارض جهه الاستاذ الرياضي ومستشفى احد او السلام وماحولهم حد الشراء 500.000', '2018-07-22', 1, 0, '', 0, 0),
(1021, '2', 2, 'سكني', 'خارجي', 300, 0, 'دورين', 0, 'شقتين او ثلاثة', 3, '', '', 6, 'اي', 0, '', 1200000, 0, 0, 1, 'غير معروف', '0569689003', 0, 0, 'وسيط مباشر طالب دورين وملحق شرط 3شقق الملك فهد وباقدوا وماحولهم حدود مليون و200', '2018-07-22', 1, 0, '', 0, 0),
(1020, '2', 2, 'سكني', 'خارجي', 400, 0, 'دورين', 0, 'شقتين او ثلاثة', 0, '', '', 2, 'اي حي', 0, '', 1200000, 0, 0, 1, 'غير معروف', '0545408968', 0, 0, 'زبونه ترغب بشراء عماره شقق بسعر حدود.000ـ600 كاش وتتقبل البنك اي حي لا مشكلة', '2018-07-22', 1, 0, '', 0, 0),
(1019, '2', 2, 'سكني', 'خارجي', 300, 0, 'دورين', 0, 'شقتين او ثلاثة', 3, '', '', 6, 'الملك فهد', 0, '', 1000000, 0, 0, 1, 'غير معروف', '0509722548', 0, 0, 'زبون مباشر يرغب شراء عمارة نظام 3 شقق جهه الملك فهد او العزيزية 500.000 البنك العقاري والباقي كاش حدود 600.000', '2018-07-22', 1, 0, '', 0, 0),
(1018, '2', 2, 'سكني', 'داخل', 300, 0, 'دورين', 0, 'شقة واحدة', 0, '', '', 7, 'الاسكان', 0, '', 750000, 0, 0, 1, 'غير معروف', '0566692006', 0, 0, 'زبون يرغب بشراء فيلا بالاسكان بحدود 750.000', '2018-07-22', 1, 0, '', 0, 0),
(1017, '2', 1, 'سكني', 'خارج', 700, 0, 'دورين', 0, 'شقة واحدة', 0, '', '', 3, 'اي مخطط قبل القلعه', 0, '', 800000, 0, 0, 1, 'غير معروف', '0566502022', 0, 0, 'زبون مباشر يرغب شراء ارض سكنية بالعزيزية شرط قبل القلعه الحجازية يمين او يسار البخاري المساحه من 700م الى 1000م السعر حسب الموقع والمساحه', '2018-07-22', 1, 0, '', 0, 0),
(1016, '2', 2, 'سكني', 'داخل', 500, 0, 'دورين', 0, 'شقتين او ثلاثة', 2, '', '', 2, 'اي مخطط حول الخدمات', 0, '', 1150000, 0, 0, 1, 'غير معروف', '0535044438', 0, 0, 'زبون مباشر طالب عمارة شقتين او ثلاث شقق جهه جنوب المدينة حد الشراء مليون و150', '2018-07-22', 1, 0, '', 0, 0),
(1015, '2', 4, 'سكني', 'داخل', 300, 0, 'دورين', 0, 'شقة واحدة', 0, '', '', 2, 'اي مخطط ماقبل الرانوناء', 0, '', 1000000, 0, 0, 1, 'غير معروف', '0595580086', 0, 0, 'زبون مباشر يرغب بشراء فيلا امريكي جهه الامير نايف او ماحوله شرط حول الخدمات حد الشراء مليون عن طريق البنك', '2018-07-22', 1, 0, '', 0, 0),
(1014, '2', 2, 'سكني', 'خارجي', 500, 0, 'دورين', 0, '4 - 7 شقق', 5, '', '', 2, 'اي مخطط جهه الجنوب', 0, '', 1500000, 0, 0, 1, 'غير معروف', '0534505161', 0, 0, 'زبون مباشر يرغب بشراء عمارة 5 شقق او 4 شقق جهه الرانوناء او التلال ويفضل داخل حد الحرم بحدود مليون و500', '2018-07-22', 1, 0, '', 0, 0),
(1013, '2', 4, 'سكني', 'خارج', 300, 0, 'دورين', 0, 'شقة واحدة', 0, '', '', 3, 'اي مخطط قبل القلعه', 0, '', 1200000, 0, 0, 1, 'غير معروف', '0566099884', 0, 0, 'زبون مباشر يرغب شراء فيلا امريكي بالعزيزية حد الشراء مليون و200', '2018-07-22', 1, 0, '', 0, 0),
(1012, '2', 4, 'سكني', 'داخل', 400, 0, 'دورين', 0, 'شقة واحدة', 0, '', '', 6, 'باقدوا', 0, '', 1800000, 0, 0, 1, 'غير معروف', '0565959556', 0, 0, 'زبون مباشر يرغب شراء فيلا امريكي في باقدوا حدود الشراء مليون و800', '2018-07-22', 1, 0, '', 0, 0),
(1011, '2', 4, 'سكني', 'خارج', 300, 0, 'دورين', 2, 'شقة واحدة', 0, '', '', 3, 'اي مخطط', 0, '', 1000000, 0, 0, 1, 'غير معروف', '0590770781', 0, 0, 'زبون مباشر يرغب شراء فيلا امريكي بالعزيزية اي مخطط حدود الشراء مليون عن طريق البنك', '2018-07-22', 1, 0, '', 0, 0),
(1010, '1', 2, 'سكني', 'داخل', 620, 3, 'دورين', 2, '4 - 7 شقق', 0, '', '', 1, 'الشفاء', 0, '', 2000000, 0, 0, 1, 'غير معروف', '0508572065', 0, 0, 'فيلا +3شقق بالشفاء مساحه ٦٢٠ الشقق مكونه من ٤غرف وصاله ومطبخ وثلاث دورات مياه اعزك الله الواجهه حجر الرياض عمرها تقريب سنتين المطلوب مليون و٦٠٠+٤٢٠بنك', '2018-07-22', 1, 0, '', 0, 0),
(1007, '1', 8, 'سكني', 'خارج', 126, 0, 'دورين', 0, 'شقة واحدة', 0, '', '', 2, 'التلال', 0, '', 350000, 0, 0, 3, 'غير معروف', '0503338887', 0, 0, 'للبيع شقق تمليك في التلال الشرقي \n الشقه رقم 1: شقة ارضية مكونة من 4 غرف وصاله ومطبخ ودورتين مياة مساحه 126م بسعر 350.000 فقط\n الشقة رقم 2: شقة ارضية مكونة من 4 غرف وصاله ومطبخ ودورتين مياة مساحه 124م بسعر 350.000 فقط\n الشقة رقم 3 : الدور الاول مكونة من 4 غرف وصالة ومطبخ ودورتين مياه مساحة  126 م بسعر 350 الف فقط\n الشقة رقم 4 : الدور الاول مكونة من 4 غرف وصالة ومطبخ ودورتين مياه مساحة  124 م بسعر 350 الف \n فقط\n الملحق الاول :  مكون من 3غرف وصالة ومطبخ ودورتين مياه مساحة  124 م بسعر 300 الف \n فقط\n الملحق الثاني :  مكون من 3غرف وصالة ومطبخ ودورتين مياه مساحة  124 م بسعر 300 الف \n فقط', '2018-07-22', 1, 0, '', 0, 0),
(1005, '2', 4, 'سكني', 'خارجي', 300, 0, 'دورين', 0, 'شقة واحدة', 0, '', '', 3, 'لا يوجد', 0, '', 1200000, 0, 0, 1, 'غير معروف', '0546903240', 0, 0, 'زبون طالب فيلا امريكي في العزيزية الشراء عن طريق البنك حد الشراء 1200.000', '2018-07-22', 1, 0, '', 0, 0),
(1004, '2', 1, 'سكني', 'خارج', 300, 0, 'دورين', 0, 'شقة واحدة', 0, '', '', 3, 'ابومرخه', 0, '', 200000, 0, 0, 1, 'غير معروف', '0500073501', 0, 0, 'زبون مباشر يرغب في شراء ارض سكنية في اخر مخططات العزيزية مثلا ابومرخه الشراء حدود 200.000', '2018-07-22', 1, 0, '', 0, 0),
(1003, '2', 1, 'سكني', 'داخل', 700, 0, 'دورين', 0, 'شقة واحدة', 0, '', '', 6, 'باقدوا', 0, '', 800000, 0, 0, 1, 'غير معروف', '0567916545', 0, 0, 'زبون مباشر طالب ارض سكنية في باقداو مساحه حدود 700م والسعر حدود 800.00 الشراء كاش', '2018-07-22', 1, 0, '', 0, 0),
(1002, '2', 2, 'سكني', 'خارجي', 300, 0, 'دورين', 0, 'شقتين او ثلاثة', 0, '', '', 2, 'الرانوناء', 0, '', 900000, 0, 0, 1, 'غير معروف', '0569614242', 0, 0, 'زبون مباشر طالب عمارة 3شقق جهه الرانوناء او التلال  حدود 900.000 عن طريق البنك', '2018-07-22', 1, 0, '', 0, 0),
(1828, '1', 1, 'سكني', 'داخلي', 12, 0, 'دورين', 0, '', 0, '', '', 1, '', 0, 'لا', 120, 0, 0, 1, '', '0502735443', 39.192504799999995, 21.485811, 'ارض ممتازة', '2018-12-18', 1, 0, '', 0, 0),
(1829, '1', 1, 'سكني', 'داخلي', 12, 0, 'دورين', 0, '', 0, '', '', 1, '', 0, 'لا', 120, 0, 0, 1, '', '0502735443', 39.192504799999995, 21.485811, 'ارض ممتازة', '2018-12-18', 1, 0, '', 0, 0),
(1830, '1', 1, 'سكني', 'داخلي', 12, 0, 'دورين', 0, '', 0, '', '', 1, '', 0, 'لا', 120, 0, 0, 1, '', '0502735443', 39.192504799999995, 21.485811, 'ارض ممتازة', '2018-12-18', 1, 0, '', 0, 0);

-- --------------------------------------------------------

--
-- Table structure for table `settings`
--

CREATE TABLE `settings` (
  `id` int(11) NOT NULL,
  `offer` varchar(50) NOT NULL,
  `rent` varchar(50) NOT NULL,
  `request` varchar(50) NOT NULL,
  `offer_b` varchar(50) NOT NULL,
  `rent_b` varchar(50) NOT NULL,
  `request_b` varchar(50) NOT NULL
) ENGINE=MyISAM DEFAULT CHARSET=utf8;

--
-- Dumping data for table `settings`
--

INSERT INTO `settings` (`id`, `offer`, `rent`, `request`, `offer_b`, `rent_b`, `request_b`) VALUES
(1, 'F10B0B', '43442E', '2721AB', 'FFFFFF', 'FFFFFF', 'FFFFFF');

-- --------------------------------------------------------

--
-- Table structure for table `temp_codes`
--

CREATE TABLE `temp_codes` (
  `id` int(11) NOT NULL,
  `email` varchar(150) NOT NULL,
  `code` varchar(150) NOT NULL
) ENGINE=MyISAM DEFAULT CHARSET=utf8;

-- --------------------------------------------------------

--
-- Table structure for table `users`
--

CREATE TABLE `users` (
  `id` int(11) NOT NULL,
  `name` varchar(200) NOT NULL,
  `phone` varchar(20) NOT NULL,
  `email` varchar(200) NOT NULL,
  `password` varchar(300) NOT NULL,
  `permission` int(11) NOT NULL,
  `add_real` tinyint(4) NOT NULL DEFAULT '0',
  `see_phone` tinyint(4) NOT NULL DEFAULT '0',
  `send_msgs` tinyint(4) NOT NULL DEFAULT '0',
  `see_aqar` int(11) NOT NULL DEFAULT '0'
) ENGINE=MyISAM DEFAULT CHARSET=utf8;

--
-- Dumping data for table `users`
--

INSERT INTO `users` (`id`, `name`, `phone`, `email`, `password`, `permission`, `add_real`, `see_phone`, `send_msgs`, `see_aqar`) VALUES
(1, 'ابو مالك', '0560257570', 'wssata@gmail.com', '87f09d02e3769a8def13538ef7cc06b2e2548978', 1, 1, 1, 0, 1),
(5, 'ahmed', '0536301031', 'ahmedadmnagem@gmail.com', '87f09d02e3769a8def13538ef7cc06b2e2548978', 1, 0, 0, 0, 0);

-- --------------------------------------------------------

--
-- Table structure for table `whatsapp_msgs`
--

CREATE TABLE `whatsapp_msgs` (
  `id` int(11) NOT NULL,
  `name` varchar(150) NOT NULL,
  `phone` varchar(20) NOT NULL,
  `messgae` text NOT NULL,
  `easte_type` int(11) NOT NULL,
  `easte_id` int(11) NOT NULL,
  `msg_read` int(11) NOT NULL DEFAULT '0',
  `sent_time` datetime NOT NULL DEFAULT CURRENT_TIMESTAMP,
  `sent_by` int(11) NOT NULL
) ENGINE=MyISAM DEFAULT CHARSET=utf8;

--
-- Dumping data for table `whatsapp_msgs`
--

INSERT INTO `whatsapp_msgs` (`id`, `name`, `phone`, `messgae`, `easte_type`, `easte_id`, `msg_read`, `sent_time`, `sent_by`) VALUES
(1, 'احمد', '0536301031', 'رقم العرض :- 1675\r\nنوع الطلب :- إيجار\r\nنوع العقار :- عمارة\r\nفئة العقار :- سكني\r\n السعر :- 35000\r\nملاحظات :- فيلا بالاسكان الشمالي دور واحد واجهه شمالية شارع بن ابي عتيق مجددة للايجار 35000 الف قابل لتفاوظ سنوي على شارع بن ابي عتيق رقم الفيلا 10\r\n\r\nhttps://www.google.com/maps/search/?api=1&query=24.469553475078605,39.60328548306836', 2, 1675, 0, '2018-07-21 18:15:33', 1),
(2, 'ماما', '00551614702', 'رقم العرض :- 1787\r\nنوع الطلب :- عرض\r\nنوع العقار :- قطعة أرض\r\nفئة العقار :- سكني\r\n السعر :- 4324\r\nملاحظات :- 111111111111111111\r\n\r\nhttps://www.google.com/maps/search/?api=1&query=24.46666294619941,39.60491626614942', 1, 1787, 1, '2018-07-21 18:15:33', 1),
(3, 'asdsad', '0551614702', 'بورصة الوساطة التعاونية الذكية\r\n\r\nhgfgfhgjhgj', 12, 0, 0, '2018-07-24 15:48:17', 1),
(4, 'hgfhgfh', '052125252', 'بورصة الوساطة التعاونية الذكية\r\n\r\nkjhkhjkhjk', 3, 0, 0, '2018-07-24 15:49:59', 1),
(5, 'ahmeddddddd', '0536301031', 'بورصة الوساطة التعاونية الذكية\r\n\r\n', 1, 0, 0, '2018-09-01 12:47:11', 1),
(6, 'ahmeddddddd', '0536301031', 'بورصة الوساطة التعاونية الذكية\r\n\r\n', 1, 0, 0, '2018-09-01 12:47:49', 1),
(7, 'ahmeddddddd', '0536301031', 'بورصة الوساطة التعاونية الذكية\r\n\r\n', 1, 0, 0, '2018-09-01 12:48:32', 1),
(8, 'ahmeddddddd', '0999999955', 'بورصة الوساطة التعاونية الذكية\r\n\r\n', 1, 0, 0, '2018-09-01 12:48:55', 1),
(9, 'ahmeddddddd', '0536301031', 'بورصة الوساطة التعاونية الذكية\r\n\r\n', 1, 0, 0, '2018-09-01 12:51:20', 1),
(10, 'ahmeddddddd', '0536301031', 'بورصة الوساطة التعاونية الذكية\r\n\r\n', 1, 0, 0, '2018-09-01 12:52:41', 1),
(11, 'ahmeddddddd', '0536301031', 'بورصة الوساطة التعاونية الذكية\r\n\r\n', 1, 0, 0, '2018-09-01 12:54:21', 1),
(12, '55555', '0555444555', 'بورصة الوساطة التعاونية الذكية\r\n\r\n', 0, 0, 0, '2018-09-02 18:39:02', 1),
(13, '87678698ghjk', '055545552', 'بورصة الوساطة التعاونية الذكية\r\n\r\n', 0, 0, 0, '2018-09-02 18:39:22', 1),
(14, '', '0564569700', 'عرض رقم : 1357\r\nنوع العقار :  محطة \r\nفئة العقار : تجاري \r\nالمخطط : التلال \r\nالحي : مخططات الهجرة وشوران \r\nالسعر : 9500000 \r\nتفاصيل أكثر : السلام عليكم  عروض المدينه المنوره  محطه فئه دال  الموقع التلال  المساحه ٢١٩٥ عدد المحلات ٨ + اربع طرمبات بنزين  الدخل ٦٥٠ الف باقي من العقد ٤ سنوات  المطلوب ٩ ونص \r\n', 0, 0, 0, '2018-10-15 12:36:49', 1),
(15, 'dasdsadsadsad', '0564569700', 'عرض رقم : 1357\r\nنوع العقار :  محطة \r\nفئة العقار : تجاري \r\nالمخطط : التلال \r\nالحي : مخططات الهجرة وشوران \r\nالسعر : 9500000 \r\nتفاصيل أكثر : السلام عليكم  عروض المدينه المنوره  محطه فئه دال  الموقع التلال  المساحه ٢١٩٥ عدد المحلات ٨ + اربع طرمبات بنزين  الدخل ٦٥٠ الف باقي من العقد ٤ سنوات  المطلوب ٩ ونص \r\n', 0, 0, 0, '2018-10-15 12:37:51', 1),
(16, 'dasdsadsadsad', '0564569700', 'عرض رقم : 1357\r\nنوع العقار :  محطة \r\nفئة العقار : تجاري \r\nالمخطط : التلال \r\nالحي : مخططات الهجرة وشوران \r\nالسعر : 9500000 \r\nتفاصيل أكثر : السلام عليكم  عروض المدينه المنوره  محطه فئه دال  الموقع التلال  المساحه ٢١٩٥ عدد المحلات ٨ + اربع طرمبات بنزين  الدخل ٦٥٠ الف باقي من العقد ٤ سنوات  المطلوب ٩ ونص \r\n', 0, 0, 0, '2018-10-15 12:38:09', 1),
(17, 'dasdsadsadsad', '0564569700', 'عرض رقم : 1357\r\nنوع العقار :  محطة \r\nفئة العقار : تجاري \r\nالمخطط : التلال \r\nالحي : مخططات الهجرة وشوران \r\nالسعر : 9500000 \r\nتفاصيل أكثر : السلام عليكم  عروض المدينه المنوره  محطه فئه دال  الموقع التلال  المساحه ٢١٩٥ عدد المحلات ٨ + اربع طرمبات بنزين  الدخل ٦٥٠ الف باقي من العقد ٤ سنوات  المطلوب ٩ ونص \r\n', 0, 0, 0, '2018-10-15 12:38:27', 1),
(18, 'dasdsadsadsad', '0564569700', 'عرض رقم : 1357\r\nنوع العقار :  محطة \r\nفئة العقار : تجاري \r\nالمخطط : التلال \r\nالحي : مخططات الهجرة وشوران \r\nالسعر : 9500000 \r\nتفاصيل أكثر : السلام عليكم  عروض المدينه المنوره  محطه فئه دال  الموقع التلال  المساحه ٢١٩٥ عدد المحلات ٨ + اربع طرمبات بنزين  الدخل ٦٥٠ الف باقي من العقد ٤ سنوات  المطلوب ٩ ونص \r\n', 0, 0, 0, '2018-10-15 12:39:28', 1),
(19, 'dasdsadsadsad', '0564569700', 'عرض رقم : 1357\r\nنوع العقار :  محطة \r\nفئة العقار : تجاري \r\nالمخطط : التلال \r\nالحي : مخططات الهجرة وشوران \r\nالسعر : 9500000 \r\nتفاصيل أكثر : السلام عليكم  عروض المدينه المنوره  محطه فئه دال  الموقع التلال  المساحه ٢١٩٥ عدد المحلات ٨ + اربع طرمبات بنزين  الدخل ٦٥٠ الف باقي من العقد ٤ سنوات  المطلوب ٩ ونص \r\n', 0, 0, 0, '2018-10-15 12:39:50', 1),
(20, 'fdsdsfsdfsdf', '0564569700', 'عرض رقم : 1357\r\nنوع العقار :  محطة \r\nفئة العقار : تجاري \r\nالمخطط : التلال \r\nالحي : مخططات الهجرة وشوران \r\nالسعر : 9500000 \r\nتفاصيل أكثر : السلام عليكم  عروض المدينه المنوره  محطه فئه دال  الموقع التلال  المساحه ٢١٩٥ عدد المحلات ٨ + اربع طرمبات بنزين  الدخل ٦٥٠ الف باقي من العقد ٤ سنوات  المطلوب ٩ ونص \r\n', 0, 1357, 0, '2018-10-15 12:41:36', 1),
(21, 'hello world', '0506310108', 'عرض رقم : 1363\r\nنوع العقار :  قطعة أرض \r\nفئة العقار : سكني \r\nالمخطط : السراني \r\nالحي : شرق المدينة \r\nالسعر : 2150000 \r\nتفاصيل أكثر : 3قطع في مخطط السراني خلف البنك الاهلي شارع الملك عبدالعزيز بينها وبين شارع الملك عبدالعزيز حوالي 100متر المساحات 1-قطعه رقم122المساحه  633م شارعين 16غربي و 6شمالي المطلوب 2150000و  2-وقطعه رقم 120المساحه 575شارع 16غربي المطلوب 1900000 و رقم 3-قطعه رقم 119المساحه 695م شارع 20شرقي المطلوب 2200000  جوال \r\n', 0, 1363, 0, '2018-10-16 13:00:17', 1),
(22, 'hello world', '0506310108', 'عرض رقم : 1363\r\nنوع العقار :  قطعة أرض \r\nفئة العقار : سكني \r\nالمخطط : السراني \r\nالحي : شرق المدينة \r\nالسعر : 2150000 \r\nتفاصيل أكثر : 3قطع في مخطط السراني خلف البنك الاهلي شارع الملك عبدالعزيز بينها وبين شارع الملك عبدالعزيز حوالي 100متر المساحات 1-قطعه رقم122المساحه  633م شارعين 16غربي و 6شمالي المطلوب 2150000و  2-وقطعه رقم 120المساحه 575شارع 16غربي المطلوب 1900000 و رقم 3-قطعه رقم 119المساحه 695م شارع 20شرقي المطلوب 2200000  جوال \r\n', 0, 1363, 1, '2018-10-16 13:00:23', 1),
(23, '', '0506310108', 'عرض رقم : 1363\r\nنوع العقار :  قطعة أرض \r\nفئة العقار : سكني \r\nالمخطط : السراني \r\nالحي : شرق المدينة \r\nالسعر : 2150000 \r\nتفاصيل أكثر : 3قطع في مخطط السراني خلف البنك الاهلي شارع الملك عبدالعزيز بينها وبين شارع الملك عبدالعزيز حوالي 100متر المساحات 1-قطعه رقم122المساحه  633م شارعين 16غربي و 6شمالي المطلوب 2150000و  2-وقطعه رقم 120المساحه 575شارع 16غربي المطلوب 1900000 و رقم 3-قطعه رقم 119المساحه 695م شارع 20شرقي المطلوب 2200000  جوال \r\n', 0, 1363, 0, '2018-10-16 15:32:59', 1),
(24, '', '00506310108', 'عرض رقم : 1363\r\nنوع العقار :  قطعة أرض \r\nفئة العقار : سكني \r\nالمخطط : السراني \r\nالحي : شرق المدينة \r\nالسعر : 2150000 \r\nتفاصيل أكثر : 3قطع في مخطط السراني خلف البنك الاهلي شارع الملك عبدالعزيز بينها وبين شارع الملك عبدالعزيز حوالي 100متر المساحات 1-قطعه رقم122المساحه  633م شارعين 16غربي و 6شمالي المطلوب 2150000و  2-وقطعه رقم 120المساحه 575شارع 16غربي المطلوب 1900000 و رقم 3-قطعه رقم 119المساحه 695م شارع 20شرقي المطلوب 2200000  جوال \r\n', 0, 1363, 0, '2018-10-16 15:33:04', 1),
(25, '', '0506310108', 'عرض رقم : 1363\r\nنوع العقار :  قطعة أرض \r\nفئة العقار : سكني \r\nالمخطط : السراني \r\nالحي : شرق المدينة \r\nالسعر : 2150000 \r\nتفاصيل أكثر : 3قطع في مخطط السراني خلف البنك الاهلي شارع الملك عبدالعزيز بينها وبين شارع الملك عبدالعزيز حوالي 100متر المساحات 1-قطعه رقم122المساحه  633م شارعين 16غربي و 6شمالي المطلوب 2150000و  2-وقطعه رقم 120المساحه 575شارع 16غربي المطلوب 1900000 و رقم 3-قطعه رقم 119المساحه 695م شارع 20شرقي المطلوب 2200000  جوال \r\n', 0, 1363, 0, '2018-10-16 15:38:16', 1);

--
-- Indexes for dumped tables
--

--
-- Indexes for table `apartment_cat`
--
ALTER TABLE `apartment_cat`
  ADD PRIMARY KEY (`id`);

--
-- Indexes for table `aqar_sections`
--
ALTER TABLE `aqar_sections`
  ADD PRIMARY KEY (`id`),
  ADD UNIQUE KEY `section_url` (`section_url`);

--
-- Indexes for table `aqar_urls`
--
ALTER TABLE `aqar_urls`
  ADD PRIMARY KEY (`id`),
  ADD UNIQUE KEY `url` (`url`);

--
-- Indexes for table `comments`
--
ALTER TABLE `comments`
  ADD PRIMARY KEY (`id`),
  ADD KEY `real_estate` (`real_estate`);

--
-- Indexes for table `customers`
--
ALTER TABLE `customers`
  ADD PRIMARY KEY (`id`),
  ADD UNIQUE KEY `phone` (`phone`),
  ADD KEY `neighborhood` (`neighborhood`),
  ADD KEY `customer_type` (`customer_type`);

--
-- Indexes for table `easte_type`
--
ALTER TABLE `easte_type`
  ADD PRIMARY KEY (`id`);

--
-- Indexes for table `employee`
--
ALTER TABLE `employee`
  ADD PRIMARY KEY (`id`);

--
-- Indexes for table `floor_cat`
--
ALTER TABLE `floor_cat`
  ADD PRIMARY KEY (`id`);

--
-- Indexes for table `neighborhood`
--
ALTER TABLE `neighborhood`
  ADD PRIMARY KEY (`id`);

--
-- Indexes for table `news_bar_settings`
--
ALTER TABLE `news_bar_settings`
  ADD PRIMARY KEY (`id`);

--
-- Indexes for table `notes`
--
ALTER TABLE `notes`
  ADD PRIMARY KEY (`id`),
  ADD KEY `user` (`user`);

--
-- Indexes for table `phone_group`
--
ALTER TABLE `phone_group`
  ADD PRIMARY KEY (`id`);

--
-- Indexes for table `real_easte`
--
ALTER TABLE `real_easte`
  ADD PRIMARY KEY (`id`);

--
-- Indexes for table `settings`
--
ALTER TABLE `settings`
  ADD PRIMARY KEY (`id`);

--
-- Indexes for table `temp_codes`
--
ALTER TABLE `temp_codes`
  ADD PRIMARY KEY (`id`),
  ADD UNIQUE KEY `none_repeat_code` (`email`,`code`);

--
-- Indexes for table `users`
--
ALTER TABLE `users`
  ADD PRIMARY KEY (`id`),
  ADD UNIQUE KEY `phone` (`phone`),
  ADD UNIQUE KEY `email` (`email`);

--
-- Indexes for table `whatsapp_msgs`
--
ALTER TABLE `whatsapp_msgs`
  ADD PRIMARY KEY (`id`);

--
-- AUTO_INCREMENT for dumped tables
--

--
-- AUTO_INCREMENT for table `apartment_cat`
--
ALTER TABLE `apartment_cat`
  MODIFY `id` int(11) NOT NULL AUTO_INCREMENT;
--
-- AUTO_INCREMENT for table `aqar_sections`
--
ALTER TABLE `aqar_sections`
  MODIFY `id` int(11) NOT NULL AUTO_INCREMENT, AUTO_INCREMENT=4;
--
-- AUTO_INCREMENT for table `aqar_urls`
--
ALTER TABLE `aqar_urls`
  MODIFY `id` int(11) NOT NULL AUTO_INCREMENT, AUTO_INCREMENT=43;
--
-- AUTO_INCREMENT for table `comments`
--
ALTER TABLE `comments`
  MODIFY `id` int(11) NOT NULL AUTO_INCREMENT, AUTO_INCREMENT=17;
--
-- AUTO_INCREMENT for table `customers`
--
ALTER TABLE `customers`
  MODIFY `id` int(11) NOT NULL AUTO_INCREMENT, AUTO_INCREMENT=467;
--
-- AUTO_INCREMENT for table `easte_type`
--
ALTER TABLE `easte_type`
  MODIFY `id` int(11) NOT NULL AUTO_INCREMENT, AUTO_INCREMENT=17;
--
-- AUTO_INCREMENT for table `employee`
--
ALTER TABLE `employee`
  MODIFY `id` int(11) NOT NULL AUTO_INCREMENT;
--
-- AUTO_INCREMENT for table `floor_cat`
--
ALTER TABLE `floor_cat`
  MODIFY `id` int(11) NOT NULL AUTO_INCREMENT;
--
-- AUTO_INCREMENT for table `neighborhood`
--
ALTER TABLE `neighborhood`
  MODIFY `id` int(11) NOT NULL AUTO_INCREMENT, AUTO_INCREMENT=16;
--
-- AUTO_INCREMENT for table `news_bar_settings`
--
ALTER TABLE `news_bar_settings`
  MODIFY `id` int(11) NOT NULL AUTO_INCREMENT, AUTO_INCREMENT=2;
--
-- AUTO_INCREMENT for table `notes`
--
ALTER TABLE `notes`
  MODIFY `id` int(11) NOT NULL AUTO_INCREMENT, AUTO_INCREMENT=20;
--
-- AUTO_INCREMENT for table `phone_group`
--
ALTER TABLE `phone_group`
  MODIFY `id` int(11) NOT NULL AUTO_INCREMENT, AUTO_INCREMENT=4;
--
-- AUTO_INCREMENT for table `real_easte`
--
ALTER TABLE `real_easte`
  MODIFY `id` int(11) NOT NULL AUTO_INCREMENT, AUTO_INCREMENT=1831;
--
-- AUTO_INCREMENT for table `settings`
--
ALTER TABLE `settings`
  MODIFY `id` int(11) NOT NULL AUTO_INCREMENT, AUTO_INCREMENT=2;
--
-- AUTO_INCREMENT for table `temp_codes`
--
ALTER TABLE `temp_codes`
  MODIFY `id` int(11) NOT NULL AUTO_INCREMENT, AUTO_INCREMENT=12;
--
-- AUTO_INCREMENT for table `users`
--
ALTER TABLE `users`
  MODIFY `id` int(11) NOT NULL AUTO_INCREMENT, AUTO_INCREMENT=7;
--
-- AUTO_INCREMENT for table `whatsapp_msgs`
--
ALTER TABLE `whatsapp_msgs`
  MODIFY `id` int(11) NOT NULL AUTO_INCREMENT, AUTO_INCREMENT=26;
/*!40101 SET CHARACTER_SET_CLIENT=@OLD_CHARACTER_SET_CLIENT */;
/*!40101 SET CHARACTER_SET_RESULTS=@OLD_CHARACTER_SET_RESULTS */;
/*!40101 SET COLLATION_CONNECTION=@OLD_COLLATION_CONNECTION */;
